{
    "version": "2023-08-31",
    "name": "meta-llama-Llama-3-3-70B-Instruct_550_150_summary",
    "model": "meta-llama/Llama-3.3-70B-Instruct",
    "mean_input_tokens": 550,
    "stddev_input_tokens": 150,
    "mean_output_tokens": 150,
    "stddev_output_tokens": 10,
    "num_concurrent_requests": 1,
    "results_inter_token_latency_s_quantiles_p25": 0.4038270554588531,
    "results_inter_token_latency_s_quantiles_p50": 0.4048027008299885,
    "results_inter_token_latency_s_quantiles_p75": 0.4057783462011238,
    "results_inter_token_latency_s_quantiles_p90": 0.406363733423805,
    "results_inter_token_latency_s_quantiles_p95": 0.406558862498032,
    "results_inter_token_latency_s_quantiles_p99": 0.40671496575741367,
    "results_inter_token_latency_s_mean": 0.4048027008299885,
    "results_inter_token_latency_s_min": 0.4028514100877178,
    "results_inter_token_latency_s_max": 0.4067539915722591,
    "results_inter_token_latency_s_stddev": 0.0027595418318522255,
    "results_ttft_s_quantiles_p25": 65.25363069774994,
    "results_ttft_s_quantiles_p50": 65.47324343750006,
    "results_ttft_s_quantiles_p75": 65.69285617725018,
    "results_ttft_s_quantiles_p90": 65.82462382110025,
    "results_ttft_s_quantiles_p95": 65.86854636905028,
    "results_ttft_s_quantiles_p99": 65.9036844074103,
    "results_ttft_s_mean": 65.47324343750006,
    "results_ttft_s_min": 65.03401795799982,
    "results_ttft_s_max": 65.9124689170003,
    "results_ttft_s_stddev": 0.6211586300490614,
    "results_end_to_end_latency_s_quantiles_p25": 69.25854963525035,
    "results_end_to_end_latency_s_quantiles_p50": 69.62885231250038,
    "results_end_to_end_latency_s_quantiles_p75": 69.99915498975042,
    "results_end_to_end_latency_s_quantiles_p90": 70.22133659610044,
    "results_end_to_end_latency_s_quantiles_p95": 70.29539713155046,
    "results_end_to_end_latency_s_quantiles_p99": 70.35464555991047,
    "results_end_to_end_latency_s_mean": 69.62885231250038,
    "results_end_to_end_latency_s_min": 68.88824695800031,
    "results_end_to_end_latency_s_max": 70.36945766700046,
    "results_end_to_end_latency_s_stddev": 1.0473741367001412,
    "results_request_output_throughput_token_per_s_quantiles_p25": 2.464410002887174,
    "results_request_output_throughput_token_per_s_quantiles_p50": 2.4703670670198155,
    "results_request_output_throughput_token_per_s_quantiles_p75": 2.476324131152457,
    "results_request_output_throughput_token_per_s_quantiles_p90": 2.4798983696320414,
    "results_request_output_throughput_token_per_s_quantiles_p95": 2.4810897824585694,
    "results_request_output_throughput_token_per_s_quantiles_p99": 2.482042912719792,
    "results_request_output_throughput_token_per_s_mean": 2.4703670670198155,
    "results_request_output_throughput_token_per_s_min": 2.458452938754533,
    "results_request_output_throughput_token_per_s_max": 2.482281195285098,
    "results_request_output_throughput_token_per_s_stddev": 0.016849121776614972,
    "results_number_input_tokens_quantiles_p25": 548.75,
    "results_number_input_tokens_quantiles_p50": 559.5,
    "results_number_input_tokens_quantiles_p75": 570.25,
    "results_number_input_tokens_quantiles_p90": 576.7,
    "results_number_input_tokens_quantiles_p95": 578.85,
    "results_number_input_tokens_quantiles_p99": 580.57,
    "results_number_input_tokens_mean": 559.5,
    "results_number_input_tokens_min": "538",
    "results_number_input_tokens_max": "581",
    "results_number_input_tokens_stddev": 30.405591591021544,
    "results_number_output_tokens_quantiles_p25": 171.5,
    "results_number_output_tokens_quantiles_p50": 172.0,
    "results_number_output_tokens_quantiles_p75": 172.5,
    "results_number_output_tokens_quantiles_p90": 172.8,
    "results_number_output_tokens_quantiles_p95": 172.9,
    "results_number_output_tokens_quantiles_p99": 172.98,
    "results_number_output_tokens_mean": 172.0,
    "results_number_output_tokens_min": "171",
    "results_number_output_tokens_max": "173",
    "results_number_output_tokens_stddev": 1.4142135623730951,
    "results_overall_test_time": 139.71791487500013,
    "results_num_requests_started": 2,
    "results_error_rate": 0.0,
    "results_number_errors": 0,
    "results_error_code_frequency": "{}",
    "results_mean_output_throughput_token_per_s": 2.4621037345694905,
    "results_num_completed_requests": 2,
    "results_num_completed_requests_per_sec": 0.014314556596334247,
    "timestamp": 1758696825
}