{
    "version": "2023-08-31",
    "name": "meta-llama-Llama-3-3-70B-Instruct_550_150_summary",
    "model": "meta-llama/Llama-3.3-70B-Instruct",
    "mean_input_tokens": 550,
    "stddev_input_tokens": 150,
    "mean_output_tokens": 150,
    "stddev_output_tokens": 10,
    "num_concurrent_requests": 10,
    "results_inter_token_latency_s_quantiles_p25": 0.04033309368542296,
    "results_inter_token_latency_s_quantiles_p50": 0.04196275302246047,
    "results_inter_token_latency_s_quantiles_p75": 0.04418140885064926,
    "results_inter_token_latency_s_quantiles_p90": 0.050751682354353414,
    "results_inter_token_latency_s_quantiles_p95": 0.05369611198659764,
    "results_inter_token_latency_s_quantiles_p99": 0.07162528201628991,
    "results_inter_token_latency_s_mean": 0.043565882588326235,
    "results_inter_token_latency_s_min": 0.036693564560434655,
    "results_inter_token_latency_s_max": 0.07268750809143447,
    "results_inter_token_latency_s_stddev": 0.0063889178541400105,
    "results_ttft_s_quantiles_p25": 1.6401117395016627,
    "results_ttft_s_quantiles_p50": 1.9498933539998689,
    "results_ttft_s_quantiles_p75": 2.3803525312496276,
    "results_ttft_s_quantiles_p90": 3.136064449700644,
    "results_ttft_s_quantiles_p95": 4.618420531099582,
    "results_ttft_s_quantiles_p99": 8.514062673000407,
    "results_ttft_s_mean": 2.3101625919615167,
    "results_ttft_s_min": 1.1404459169971233,
    "results_ttft_s_max": 8.549748833000194,
    "results_ttft_s_stddev": 1.36248072093212,
    "results_end_to_end_latency_s_quantiles_p25": 7.044589802248083,
    "results_end_to_end_latency_s_quantiles_p50": 7.320979979500407,
    "results_end_to_end_latency_s_quantiles_p75": 7.73906948900094,
    "results_end_to_end_latency_s_quantiles_p90": 8.809420608000073,
    "results_end_to_end_latency_s_quantiles_p95": 9.216000476899715,
    "results_end_to_end_latency_s_quantiles_p99": 12.585774620458759,
    "results_end_to_end_latency_s_mean": 7.599369233607733,
    "results_end_to_end_latency_s_min": 6.4020375839972985,
    "results_end_to_end_latency_s_max": 12.72067966600298,
    "results_end_to_end_latency_s_stddev": 1.0917910103404291,
    "results_request_output_throughput_token_per_s_quantiles_p25": 22.627606154820317,
    "results_request_output_throughput_token_per_s_quantiles_p50": 23.82969642979473,
    "results_request_output_throughput_token_per_s_quantiles_p75": 24.78591001504103,
    "results_request_output_throughput_token_per_s_quantiles_p90": 25.925210150157866,
    "results_request_output_throughput_token_per_s_quantiles_p95": 26.386427857212976,
    "results_request_output_throughput_token_per_s_quantiles_p99": 26.996072364084355,
    "results_request_output_throughput_token_per_s_mean": 23.315629408855216,
    "results_request_output_throughput_token_per_s_min": 13.757126552577322,
    "results_request_output_throughput_token_per_s_max": 27.25168735568881,
    "results_request_output_throughput_token_per_s_stddev": 2.584046593190634,
    "results_number_input_tokens_quantiles_p25": 497.5,
    "results_number_input_tokens_quantiles_p50": 599.0,
    "results_number_input_tokens_quantiles_p75": 676.5,
    "results_number_input_tokens_quantiles_p90": 748.1,
    "results_number_input_tokens_quantiles_p95": 795.8,
    "results_number_input_tokens_quantiles_p99": 848.0699999999999,
    "results_number_input_tokens_mean": 579.8230769230769,
    "results_number_input_tokens_min": "227",
    "results_number_input_tokens_max": "881",
    "results_number_input_tokens_stddev": 141.7131323005322,
    "results_number_output_tokens_quantiles_p25": 166.0,
    "results_number_output_tokens_quantiles_p50": 175.0,
    "results_number_output_tokens_quantiles_p75": 182.75,
    "results_number_output_tokens_quantiles_p90": 188.0,
    "results_number_output_tokens_quantiles_p95": 191.55,
    "results_number_output_tokens_quantiles_p99": 199.70999999999998,
    "results_number_output_tokens_mean": 174.87692307692308,
    "results_number_output_tokens_min": "140",
    "results_number_output_tokens_max": "211",
    "results_number_output_tokens_stddev": 11.999363926692105,
    "results_overall_test_time": 126.72347100000115,
    "results_num_requests_started": 130,
    "results_error_rate": 0.0,
    "results_number_errors": 0,
    "results_error_code_frequency": "{}",
    "results_mean_output_throughput_token_per_s": 179.39849516905824,
    "results_num_completed_requests": 130,
    "results_num_completed_requests_per_sec": 1.025855739068249,
    "timestamp": 1758790126
}