{
    "version": "2023-08-31",
    "name": "Qwen-Qwen3-Next-80B-A3B-Instruct_550_150_summary",
    "model": "Qwen/Qwen3-Next-80B-A3B-Instruct",
    "mean_input_tokens": 550,
    "stddev_input_tokens": 150,
    "mean_output_tokens": 150,
    "stddev_output_tokens": 10,
    "num_concurrent_requests": 1,
    "results_inter_token_latency_s_quantiles_p25": 0.019946509400080515,
    "results_inter_token_latency_s_quantiles_p50": 0.02048058010476158,
    "results_inter_token_latency_s_quantiles_p75": 0.021014650809442648,
    "results_inter_token_latency_s_quantiles_p90": 0.021335093232251287,
    "results_inter_token_latency_s_quantiles_p95": 0.021441907373187498,
    "results_inter_token_latency_s_quantiles_p99": 0.02152735868593647,
    "results_inter_token_latency_s_mean": 0.02048058010476158,
    "results_inter_token_latency_s_min": 0.01941243869539945,
    "results_inter_token_latency_s_max": 0.021548721514123712,
    "results_inter_token_latency_s_stddev": 0.0015105800676522374,
    "results_ttft_s_quantiles_p25": 2.121634489499229,
    "results_ttft_s_quantiles_p50": 2.217029728999478,
    "results_ttft_s_quantiles_p75": 2.3124249684997267,
    "results_ttft_s_quantiles_p90": 2.369662112199876,
    "results_ttft_s_quantiles_p95": 2.3887411600999258,
    "results_ttft_s_quantiles_p99": 2.4040043984199655,
    "results_ttft_s_mean": 2.217029728999478,
    "results_ttft_s_min": 2.02623924999898,
    "results_ttft_s_max": 2.4078202079999755,
    "results_ttft_s_stddev": 0.26981848297416305,
    "results_end_to_end_latency_s_quantiles_p25": 3.4873966457494134,
    "results_end_to_end_latency_s_quantiles_p50": 3.5964157914995667,
    "results_end_to_end_latency_s_quantiles_p75": 3.70543493724972,
    "results_end_to_end_latency_s_quantiles_p90": 3.770846424699812,
    "results_end_to_end_latency_s_quantiles_p95": 3.7926502538498426,
    "results_end_to_end_latency_s_quantiles_p99": 3.810093317169867,
    "results_end_to_end_latency_s_mean": 3.5964157914995667,
    "results_end_to_end_latency_s_min": 3.37837749999926,
    "results_end_to_end_latency_s_max": 3.814454082999873,
    "results_end_to_end_latency_s_stddev": 0.30835270895639183,
    "results_request_output_throughput_token_per_s_quantiles_p25": 47.67783792525555,
    "results_request_output_throughput_token_per_s_quantiles_p50": 48.95322974718862,
    "results_request_output_throughput_token_per_s_quantiles_p75": 50.22862156912169,
    "results_request_output_throughput_token_per_s_quantiles_p90": 50.99385666228154,
    "results_request_output_throughput_token_per_s_quantiles_p95": 51.24893502666815,
    "results_request_output_throughput_token_per_s_quantiles_p99": 51.45299771817744,
    "results_request_output_throughput_token_per_s_mean": 48.95322974718862,
    "results_request_output_throughput_token_per_s_min": 46.40244610332248,
    "results_request_output_throughput_token_per_s_max": 51.50401339105476,
    "results_request_output_throughput_token_per_s_stddev": 3.607352823834958,
    "results_number_input_tokens_quantiles_p25": 548.75,
    "results_number_input_tokens_quantiles_p50": 559.5,
    "results_number_input_tokens_quantiles_p75": 570.25,
    "results_number_input_tokens_quantiles_p90": 576.7,
    "results_number_input_tokens_quantiles_p95": 578.85,
    "results_number_input_tokens_quantiles_p99": 580.57,
    "results_number_input_tokens_mean": 559.5,
    "results_number_input_tokens_min": "538",
    "results_number_input_tokens_max": "581",
    "results_number_input_tokens_stddev": 30.405591591021544,
    "results_number_output_tokens_quantiles_p25": 174.75,
    "results_number_output_tokens_quantiles_p50": 175.5,
    "results_number_output_tokens_quantiles_p75": 176.25,
    "results_number_output_tokens_quantiles_p90": 176.7,
    "results_number_output_tokens_quantiles_p95": 176.85,
    "results_number_output_tokens_quantiles_p99": 176.97,
    "results_number_output_tokens_mean": 175.5,
    "results_number_output_tokens_min": "174",
    "results_number_output_tokens_max": "177",
    "results_number_output_tokens_stddev": 2.1213203435596424,
    "results_overall_test_time": 7.656346499999927,
    "results_num_requests_started": 2,
    "results_error_rate": 0.0,
    "results_number_errors": 0,
    "results_error_code_frequency": "{}",
    "results_mean_output_throughput_token_per_s": 45.84432013363075,
    "results_num_completed_requests": 2,
    "results_num_completed_requests_per_sec": 0.2612211973426254,
    "timestamp": 1758697140
}