{
    "version": "2023-08-31",
    "name": "Qwen-Qwen3-Next-80B-A3B-Instruct_550_150_summary",
    "model": "Qwen/Qwen3-Next-80B-A3B-Instruct",
    "mean_input_tokens": 550,
    "stddev_input_tokens": 150,
    "mean_output_tokens": 150,
    "stddev_output_tokens": 10,
    "num_concurrent_requests": 10,
    "results_inter_token_latency_s_quantiles_p25": 0.04250904949022867,
    "results_inter_token_latency_s_quantiles_p50": 0.045580556913884726,
    "results_inter_token_latency_s_quantiles_p75": 0.048425342613562156,
    "results_inter_token_latency_s_quantiles_p90": 0.065763307143896,
    "results_inter_token_latency_s_quantiles_p95": 0.09398798915662736,
    "results_inter_token_latency_s_quantiles_p99": 0.14002557427775417,
    "results_inter_token_latency_s_mean": 0.0513963206766436,
    "results_inter_token_latency_s_min": 0.035959103693192614,
    "results_inter_token_latency_s_max": 0.14740556969642662,
    "results_inter_token_latency_s_stddev": 0.020062694790865348,
    "results_ttft_s_quantiles_p25": 5.388272104000862,
    "results_ttft_s_quantiles_p50": 5.525172375000693,
    "results_ttft_s_quantiles_p75": 5.894449958250334,
    "results_ttft_s_quantiles_p90": 6.35159946629974,
    "results_ttft_s_quantiles_p95": 7.135082462500577,
    "results_ttft_s_quantiles_p99": 7.231231182972842,
    "results_ttft_s_mean": 5.728999825754627,
    "results_ttft_s_min": 4.9438432499991904,
    "results_ttft_s_max": 7.2341413340000145,
    "results_ttft_s_stddev": 0.5536360594825502,
    "results_end_to_end_latency_s_quantiles_p25": 7.6490237397501915,
    "results_end_to_end_latency_s_quantiles_p50": 8.03788752049877,
    "results_end_to_end_latency_s_quantiles_p75": 8.644000822750968,
    "results_end_to_end_latency_s_quantiles_p90": 11.918586920799134,
    "results_end_to_end_latency_s_quantiles_p95": 15.599097623251874,
    "results_end_to_end_latency_s_quantiles_p99": 24.75448172999917,
    "results_end_to_end_latency_s_mean": 9.140923708754649,
    "results_end_to_end_latency_s_min": 6.329054625002755,
    "results_end_to_end_latency_s_max": 24.951546292002604,
    "results_end_to_end_latency_s_stddev": 3.5026390059743133,
    "results_request_output_throughput_token_per_s_quantiles_p25": 20.64807710000719,
    "results_request_output_throughput_token_per_s_quantiles_p50": 21.938029228981968,
    "results_request_output_throughput_token_per_s_quantiles_p75": 23.52363633346711,
    "results_request_output_throughput_token_per_s_quantiles_p90": 24.665178122114163,
    "results_request_output_throughput_token_per_s_quantiles_p95": 25.203722064513993,
    "results_request_output_throughput_token_per_s_quantiles_p99": 26.733977798520268,
    "results_request_output_throughput_token_per_s_mean": 20.980509240850903,
    "results_request_output_throughput_token_per_s_min": 6.7839511885024,
    "results_request_output_throughput_token_per_s_max": 27.808260542532985,
    "results_request_output_throughput_token_per_s_stddev": 4.220444067130215,
    "results_number_input_tokens_quantiles_p25": 509.25,
    "results_number_input_tokens_quantiles_p50": 604.5,
    "results_number_input_tokens_quantiles_p75": 674.5,
    "results_number_input_tokens_quantiles_p90": 750.3000000000001,
    "results_number_input_tokens_quantiles_p95": 803.0,
    "results_number_input_tokens_quantiles_p99": 851.4699999999999,
    "results_number_input_tokens_mean": 586.6818181818181,
    "results_number_input_tokens_min": "235",
    "results_number_input_tokens_max": "881",
    "results_number_input_tokens_stddev": 137.19048110840498,
    "results_number_output_tokens_quantiles_p25": 171.0,
    "results_number_output_tokens_quantiles_p50": 178.0,
    "results_number_output_tokens_quantiles_p75": 184.75,
    "results_number_output_tokens_quantiles_p90": 194.10000000000002,
    "results_number_output_tokens_quantiles_p95": 199.55,
    "results_number_output_tokens_quantiles_p99": 205.73,
    "results_number_output_tokens_mean": 178.52727272727273,
    "results_number_output_tokens_min": "156",
    "results_number_output_tokens_max": "207",
    "results_number_output_tokens_stddev": 11.67189763185949,
    "results_overall_test_time": 134.49988625000333,
    "results_num_requests_started": 110,
    "results_error_rate": 0.0,
    "results_number_errors": 0,
    "results_error_code_frequency": "{}",
    "results_mean_output_throughput_token_per_s": 146.00755842646308,
    "results_num_completed_requests": 110,
    "results_num_completed_requests_per_sec": 0.8178445578424961,
    "timestamp": 1758789682
}