{
    "version": "2023-08-31",
    "name": "deepseek-ai-DeepSeek-R1-0528_550_150_summary",
    "model": "deepseek-ai/DeepSeek-R1-0528",
    "mean_input_tokens": 550,
    "stddev_input_tokens": 150,
    "mean_output_tokens": 150,
    "stddev_output_tokens": 10,
    "num_concurrent_requests": 10,
    "results_inter_token_latency_s_quantiles_p25": 0.04529042276547725,
    "results_inter_token_latency_s_quantiles_p50": 0.046957024671150885,
    "results_inter_token_latency_s_quantiles_p75": 0.04935344112722319,
    "results_inter_token_latency_s_quantiles_p90": 0.051317859453292605,
    "results_inter_token_latency_s_quantiles_p95": 0.053822454227267724,
    "results_inter_token_latency_s_quantiles_p99": 0.05660592348393578,
    "results_inter_token_latency_s_mean": 0.047554723521727814,
    "results_inter_token_latency_s_min": 0.042206297857129746,
    "results_inter_token_latency_s_max": 0.057424069349635704,
    "results_inter_token_latency_s_stddev": 0.0031712376539523766,
    "results_ttft_s_quantiles_p25": 1.5035996559990963,
    "results_ttft_s_quantiles_p50": 1.7219185004996689,
    "results_ttft_s_quantiles_p75": 2.01545946825172,
    "results_ttft_s_quantiles_p90": 2.1925880380989837,
    "results_ttft_s_quantiles_p95": 2.342222923247391,
    "results_ttft_s_quantiles_p99": 2.6740924532597607,
    "results_ttft_s_mean": 1.768945810421584,
    "results_ttft_s_min": 1.1610779580005328,
    "results_ttft_s_max": 2.7562773329991614,
    "results_ttft_s_stddev": 0.3358937906508094,
    "results_end_to_end_latency_s_quantiles_p25": 7.493914999748995,
    "results_end_to_end_latency_s_quantiles_p50": 7.890568333499687,
    "results_end_to_end_latency_s_quantiles_p75": 8.224806385747797,
    "results_end_to_end_latency_s_quantiles_p90": 8.833041500301261,
    "results_end_to_end_latency_s_quantiles_p95": 9.034215293748092,
    "results_end_to_end_latency_s_quantiles_p99": 9.25896542638038,
    "results_end_to_end_latency_s_mean": 7.928453030971416,
    "results_end_to_end_latency_s_min": 6.591071792001458,
    "results_end_to_end_latency_s_max": 9.395942708000803,
    "results_end_to_end_latency_s_stddev": 0.5780327215534906,
    "results_request_output_throughput_token_per_s_quantiles_p25": 20.261130876067757,
    "results_request_output_throughput_token_per_s_quantiles_p50": 21.295255084650037,
    "results_request_output_throughput_token_per_s_quantiles_p75": 22.07285257394306,
    "results_request_output_throughput_token_per_s_quantiles_p90": 22.86329249891248,
    "results_request_output_throughput_token_per_s_quantiles_p95": 23.130196036991997,
    "results_request_output_throughput_token_per_s_quantiles_p99": 23.487003847283212,
    "results_request_output_throughput_token_per_s_mean": 21.112502774425916,
    "results_request_output_throughput_token_per_s_min": 17.413613697630407,
    "results_request_output_throughput_token_per_s_max": 23.692193591003555,
    "results_request_output_throughput_token_per_s_stddev": 1.3448694645334747,
    "results_number_input_tokens_quantiles_p25": 488.0,
    "results_number_input_tokens_quantiles_p50": 598.0,
    "results_number_input_tokens_quantiles_p75": 673.5,
    "results_number_input_tokens_quantiles_p90": 745.3000000000001,
    "results_number_input_tokens_quantiles_p95": 787.7999999999997,
    "results_number_input_tokens_quantiles_p99": 846.3699999999998,
    "results_number_input_tokens_mean": 576.3785714285714,
    "results_number_input_tokens_min": "227",
    "results_number_input_tokens_max": "881",
    "results_number_input_tokens_stddev": 140.8154293713002,
    "results_number_output_tokens_quantiles_p25": 159.0,
    "results_number_output_tokens_quantiles_p50": 168.0,
    "results_number_output_tokens_quantiles_p75": 175.0,
    "results_number_output_tokens_quantiles_p90": 181.0,
    "results_number_output_tokens_quantiles_p95": 185.04999999999998,
    "results_number_output_tokens_quantiles_p99": 190.60999999999999,
    "results_number_output_tokens_mean": 167.0142857142857,
    "results_number_output_tokens_min": "139",
    "results_number_output_tokens_max": "191",
    "results_number_output_tokens_stddev": 11.589492707307947,
    "results_overall_test_time": 120.26938874999905,
    "results_num_requests_started": 140,
    "results_error_rate": 0.0,
    "results_number_errors": 0,
    "results_error_code_frequency": "{}",
    "results_mean_output_throughput_token_per_s": 194.41355978455644,
    "results_num_completed_requests": 140,
    "results_num_completed_requests_per_sec": 1.1640534757436447,
    "timestamp": 1758789453
}