{
    "version": "2023-08-31",
    "name": "deepseek-ai-DeepSeek-R1-0528_550_150_summary",
    "model": "deepseek-ai/DeepSeek-R1-0528",
    "mean_input_tokens": 550,
    "stddev_input_tokens": 150,
    "mean_output_tokens": 150,
    "stddev_output_tokens": 10,
    "num_concurrent_requests": 1,
    "results_inter_token_latency_s_quantiles_p25": 0.03912193506495873,
    "results_inter_token_latency_s_quantiles_p50": 0.03993960709311401,
    "results_inter_token_latency_s_quantiles_p75": 0.040757279121269294,
    "results_inter_token_latency_s_quantiles_p90": 0.04124788233816246,
    "results_inter_token_latency_s_quantiles_p95": 0.04141141674379352,
    "results_inter_token_latency_s_quantiles_p99": 0.04154224426829836,
    "results_inter_token_latency_s_mean": 0.03993960709311401,
    "results_inter_token_latency_s_min": 0.03830426303680345,
    "results_inter_token_latency_s_max": 0.041574951149424576,
    "results_inter_token_latency_s_stddev": 0.0023127257435806305,
    "results_ttft_s_quantiles_p25": 1.735438916999101,
    "results_ttft_s_quantiles_p50": 1.8706926669992754,
    "results_ttft_s_quantiles_p75": 2.00594641699945,
    "results_ttft_s_quantiles_p90": 2.0870986669995544,
    "results_ttft_s_quantiles_p95": 2.1141494169995894,
    "results_ttft_s_quantiles_p99": 2.1357900169996173,
    "results_ttft_s_mean": 1.8706926669992754,
    "results_ttft_s_min": 1.6001851669989264,
    "results_ttft_s_max": 2.1412001669996243,
    "results_ttft_s_stddev": 0.3825553752241335,
    "results_end_to_end_latency_s_quantiles_p25": 6.491950218999136,
    "results_end_to_end_latency_s_quantiles_p50": 6.7394682709991685,
    "results_end_to_end_latency_s_quantiles_p75": 6.986986322999201,
    "results_end_to_end_latency_s_quantiles_p90": 7.13549715419922,
    "results_end_to_end_latency_s_quantiles_p95": 7.185000764599226,
    "results_end_to_end_latency_s_quantiles_p99": 7.224603652919232,
    "results_end_to_end_latency_s_mean": 6.7394682709991685,
    "results_end_to_end_latency_s_min": 6.244432166999104,
    "results_end_to_end_latency_s_max": 7.234504374999233,
    "results_end_to_end_latency_s_stddev": 0.700086772141229,
    "results_request_output_throughput_token_per_s_quantiles_p25": 24.564367842121847,
    "results_request_output_throughput_token_per_s_quantiles_p50": 25.07732995128103,
    "results_request_output_throughput_token_per_s_quantiles_p75": 25.590292060440216,
    "results_request_output_throughput_token_per_s_quantiles_p90": 25.89806932593573,
    "results_request_output_throughput_token_per_s_quantiles_p95": 26.000661747767566,
    "results_request_output_throughput_token_per_s_quantiles_p99": 26.082735685233036,
    "results_request_output_throughput_token_per_s_mean": 25.07732995128103,
    "results_request_output_throughput_token_per_s_min": 24.05140573296266,
    "results_request_output_throughput_token_per_s_max": 26.103254169599403,
    "results_request_output_throughput_token_per_s_stddev": 1.4508759435128566,
    "results_number_input_tokens_quantiles_p25": 548.75,
    "results_number_input_tokens_quantiles_p50": 559.5,
    "results_number_input_tokens_quantiles_p75": 570.25,
    "results_number_input_tokens_quantiles_p90": 576.7,
    "results_number_input_tokens_quantiles_p95": 578.85,
    "results_number_input_tokens_quantiles_p99": 580.57,
    "results_number_input_tokens_mean": 559.5,
    "results_number_input_tokens_min": "538",
    "results_number_input_tokens_max": "581",
    "results_number_input_tokens_stddev": 30.405591591021544,
    "results_number_output_tokens_quantiles_p25": 165.75,
    "results_number_output_tokens_quantiles_p50": 168.5,
    "results_number_output_tokens_quantiles_p75": 171.25,
    "results_number_output_tokens_quantiles_p90": 172.9,
    "results_number_output_tokens_quantiles_p95": 173.45,
    "results_number_output_tokens_quantiles_p99": 173.89,
    "results_number_output_tokens_mean": 168.5,
    "results_number_output_tokens_min": "163",
    "results_number_output_tokens_max": "174",
    "results_number_output_tokens_stddev": 7.7781745930520225,
    "results_overall_test_time": 13.945798958000523,
    "results_num_requests_started": 2,
    "results_error_rate": 0.0,
    "results_number_errors": 0,
    "results_error_code_frequency": "{}",
    "results_mean_output_throughput_token_per_s": 24.164983377066932,
    "results_num_completed_requests": 2,
    "results_num_completed_requests_per_sec": 0.14341236425559012,
    "timestamp": 1758697029
}