{
    "version": "2023-08-31",
    "name": "hugging-quants-Meta-Llama-3-1-70B-Instruct-AWQ-INT4_550_150_summary",
    "model": "hugging-quants/Meta-Llama-3.1-70B-Instruct-AWQ-INT4",
    "mean_input_tokens": 550,
    "stddev_input_tokens": 150,
    "mean_output_tokens": 150,
    "stddev_output_tokens": 10,
    "num_concurrent_requests": 1,
    "additional_sampling_params_temperature": 0,
    "results_inter_token_latency_s_quantiles_p25": 0.021401646785206452,
    "results_inter_token_latency_s_quantiles_p50": 0.022009403808291063,
    "results_inter_token_latency_s_quantiles_p75": 0.022602694776178083,
    "results_inter_token_latency_s_quantiles_p90": 0.023205719832030444,
    "results_inter_token_latency_s_quantiles_p95": 0.023436124249914328,
    "results_inter_token_latency_s_quantiles_p99": 0.02408938867922688,
    "results_inter_token_latency_s_mean": 0.022021164833411263,
    "results_inter_token_latency_s_min": 0.01966588339898564,
    "results_inter_token_latency_s_max": 0.024237997796297175,
    "results_inter_token_latency_s_stddev": 0.0008521864328406123,
    "results_ttft_s_quantiles_p25": 0.20682023625002444,
    "results_ttft_s_quantiles_p50": 0.2463987064999742,
    "results_ttft_s_quantiles_p75": 0.2815848090000088,
    "results_ttft_s_quantiles_p90": 0.31594180460001553,
    "results_ttft_s_quantiles_p95": 0.3395889278500931,
    "results_ttft_s_quantiles_p99": 0.3739018722501282,
    "results_ttft_s_mean": 0.24510103073399978,
    "results_ttft_s_min": 0.07367874800002028,
    "results_ttft_s_max": 0.42681093600003805,
    "results_ttft_s_stddev": 0.058470388498164966,
    "results_end_to_end_latency_s_quantiles_p25": 3.695076807750006,
    "results_end_to_end_latency_s_quantiles_p50": 3.8552993389999983,
    "results_end_to_end_latency_s_quantiles_p75": 4.003404523999848,
    "results_end_to_end_latency_s_quantiles_p90": 4.1532375053000745,
    "results_end_to_end_latency_s_quantiles_p95": 4.227458440450068,
    "results_end_to_end_latency_s_quantiles_p99": 4.3720763540399705,
    "results_end_to_end_latency_s_mean": 3.838354596005996,
    "results_end_to_end_latency_s_min": 1.1523770969999987,
    "results_end_to_end_latency_s_max": 4.409270127999889,
    "results_end_to_end_latency_s_stddev": 0.2784508590428994,
    "results_request_output_throughput_token_per_s_quantiles_p25": 44.23661632847741,
    "results_request_output_throughput_token_per_s_quantiles_p50": 45.418951215425906,
    "results_request_output_throughput_token_per_s_quantiles_p75": 46.71816681764735,
    "results_request_output_throughput_token_per_s_quantiles_p90": 47.81323520430151,
    "results_request_output_throughput_token_per_s_quantiles_p95": 48.33100581685892,
    "results_request_output_throughput_token_per_s_quantiles_p99": 49.00625585526462,
    "results_request_output_throughput_token_per_s_mean": 45.46488575392796,
    "results_request_output_throughput_token_per_s_min": 41.25185492594359,
    "results_request_output_throughput_token_per_s_max": 50.84174257916727,
    "results_request_output_throughput_token_per_s_stddev": 1.7492914747679604,
    "results_number_input_tokens_quantiles_p25": 465.75,
    "results_number_input_tokens_quantiles_p50": 566.0,
    "results_number_input_tokens_quantiles_p75": 659.0,
    "results_number_input_tokens_quantiles_p90": 738.1,
    "results_number_input_tokens_quantiles_p95": 803.0,
    "results_number_input_tokens_quantiles_p99": 915.1099999999999,
    "results_number_input_tokens_mean": 559.632,
    "results_number_input_tokens_min": "89",
    "results_number_input_tokens_max": "1036",
    "results_number_input_tokens_stddev": 150.49448413649924,
    "results_number_output_tokens_quantiles_p25": 166.0,
    "results_number_output_tokens_quantiles_p50": 175.0,
    "results_number_output_tokens_quantiles_p75": 183.25,
    "results_number_output_tokens_quantiles_p90": 191.0,
    "results_number_output_tokens_quantiles_p95": 195.04999999999995,
    "results_number_output_tokens_quantiles_p99": 202.01,
    "results_number_output_tokens_mean": 174.466,
    "results_number_output_tokens_min": "56",
    "results_number_output_tokens_max": "214",
    "results_number_output_tokens_stddev": 13.963624515835365,
    "results_overall_test_time": 1921.36075156,
    "results_num_requests_started": 500,
    "results_error_rate": 0.0,
    "results_number_errors": 0,
    "results_error_code_frequency": "{}",
    "results_mean_output_throughput_token_per_s": 45.40167687362896,
    "results_num_completed_requests": 500,
    "results_num_completed_requests_per_sec": 0.2602322336365192,
    "timestamp": 1733109947
}