{
    "version": "2023-08-31",
    "name": "hugging-quants-Meta-Llama-3-1-70B-Instruct-AWQ-INT4_550_150_summary",
    "model": "hugging-quants/Meta-Llama-3.1-70B-Instruct-AWQ-INT4",
    "mean_input_tokens": 550,
    "stddev_input_tokens": 150,
    "mean_output_tokens": 150,
    "stddev_output_tokens": 10,
    "num_concurrent_requests": 1,
    "additional_sampling_params_temperature": 0,
    "results_inter_token_latency_s_quantiles_p25": 0.02143620268611045,
    "results_inter_token_latency_s_quantiles_p50": 0.022151881168899053,
    "results_inter_token_latency_s_quantiles_p75": 0.022673509527068966,
    "results_inter_token_latency_s_quantiles_p90": 0.023313929114795295,
    "results_inter_token_latency_s_quantiles_p95": 0.023462512735429597,
    "results_inter_token_latency_s_quantiles_p99": 0.02409794944145159,
    "results_inter_token_latency_s_mean": 0.022092339441254934,
    "results_inter_token_latency_s_min": 0.019992895899722498,
    "results_inter_token_latency_s_max": 0.024323762503204747,
    "results_inter_token_latency_s_stddev": 0.0008801107974541713,
    "results_ttft_s_quantiles_p25": 0.20662402874950203,
    "results_ttft_s_quantiles_p50": 0.2423905765008385,
    "results_ttft_s_quantiles_p75": 0.28012981150095584,
    "results_ttft_s_quantiles_p90": 0.3208248264993017,
    "results_ttft_s_quantiles_p95": 0.34662497055069225,
    "results_ttft_s_quantiles_p99": 0.3801225631931446,
    "results_ttft_s_mean": 0.24228992212001685,
    "results_ttft_s_min": 0.07401620800010278,
    "results_ttft_s_max": 0.4286244370014174,
    "results_ttft_s_stddev": 0.0631173754974308,
    "results_end_to_end_latency_s_quantiles_p25": 3.739442127000075,
    "results_end_to_end_latency_s_quantiles_p50": 3.8950449194999237,
    "results_end_to_end_latency_s_quantiles_p75": 4.05059786925267,
    "results_end_to_end_latency_s_quantiles_p90": 4.172089940799924,
    "results_end_to_end_latency_s_quantiles_p95": 4.291115240647741,
    "results_end_to_end_latency_s_quantiles_p99": 4.417573426328491,
    "results_end_to_end_latency_s_mean": 3.8758682120349293,
    "results_end_to_end_latency_s_min": 1.1599324519993388,
    "results_end_to_end_latency_s_max": 4.445578603998001,
    "results_end_to_end_latency_s_stddev": 0.3167885237280734,
    "results_request_output_throughput_token_per_s_quantiles_p25": 44.096605515846136,
    "results_request_output_throughput_token_per_s_quantiles_p50": 45.13534384057711,
    "results_request_output_throughput_token_per_s_quantiles_p75": 46.635211651157235,
    "results_request_output_throughput_token_per_s_quantiles_p90": 47.66045904396456,
    "results_request_output_throughput_token_per_s_quantiles_p95": 48.27945834557758,
    "results_request_output_throughput_token_per_s_quantiles_p99": 49.38729427229817,
    "results_request_output_throughput_token_per_s_mean": 45.31667344080504,
    "results_request_output_throughput_token_per_s_min": 41.10424826509299,
    "results_request_output_throughput_token_per_s_max": 50.00961005919536,
    "results_request_output_throughput_token_per_s_stddev": 1.7992315196350284,
    "results_number_input_tokens_quantiles_p25": 458.0,
    "results_number_input_tokens_quantiles_p50": 537.5,
    "results_number_input_tokens_quantiles_p75": 650.25,
    "results_number_input_tokens_quantiles_p90": 756.4,
    "results_number_input_tokens_quantiles_p95": 825.6999999999994,
    "results_number_input_tokens_quantiles_p99": 927.3999999999996,
    "results_number_input_tokens_mean": 551.63,
    "results_number_input_tokens_min": "89",
    "results_number_input_tokens_max": "1036",
    "results_number_input_tokens_stddev": 163.57704714219167,
    "results_number_output_tokens_quantiles_p25": 167.0,
    "results_number_output_tokens_quantiles_p50": 175.0,
    "results_number_output_tokens_quantiles_p75": 186.0,
    "results_number_output_tokens_quantiles_p90": 194.0,
    "results_number_output_tokens_quantiles_p95": 199.04999999999998,
    "results_number_output_tokens_quantiles_p99": 203.01,
    "results_number_output_tokens_mean": 175.59,
    "results_number_output_tokens_min": "56",
    "results_number_output_tokens_max": "209",
    "results_number_output_tokens_stddev": 15.76179147025359,
    "results_overall_test_time": 776.4254714469971,
    "results_num_requests_started": 200,
    "results_error_rate": 0.0,
    "results_number_errors": 0,
    "results_error_code_frequency": "{}",
    "results_mean_output_throughput_token_per_s": 45.23035538047432,
    "results_num_completed_requests": 200,
    "results_num_completed_requests_per_sec": 0.2575907248731381,
    "timestamp": 1732613119
}