{
    "version": "2023-08-31",
    "name": "meta-llama-Llama-3-1-8B-Instruct_550_150_summary",
    "model": "meta-llama/Llama-3.1-8B-Instruct",
    "mean_input_tokens": 550,
    "stddev_input_tokens": 150,
    "mean_output_tokens": 150,
    "stddev_output_tokens": 10,
    "num_concurrent_requests": 1,
    "additional_sampling_params_temperature": 0,
    "results_inter_token_latency_s_quantiles_p25": 0.006153150480061957,
    "results_inter_token_latency_s_quantiles_p50": 0.00627563504657372,
    "results_inter_token_latency_s_quantiles_p75": 0.006392572219608448,
    "results_inter_token_latency_s_quantiles_p90": 0.006494725176383348,
    "results_inter_token_latency_s_quantiles_p95": 0.006544069693384838,
    "results_inter_token_latency_s_quantiles_p99": 0.006684921878088871,
    "results_inter_token_latency_s_mean": 0.0062673975017946615,
    "results_inter_token_latency_s_min": 0.004931095600873669,
    "results_inter_token_latency_s_max": 0.006944028425982932,
    "results_inter_token_latency_s_stddev": 0.0002056533355985634,
    "results_ttft_s_quantiles_p25": 0.021447295251164178,
    "results_ttft_s_quantiles_p50": 0.022187536500496208,
    "results_ttft_s_quantiles_p75": 0.02949724849941049,
    "results_ttft_s_quantiles_p90": 0.030193207100273865,
    "results_ttft_s_quantiles_p95": 0.030975899499935622,
    "results_ttft_s_quantiles_p99": 0.03275443162097872,
    "results_ttft_s_mean": 0.024618706515993835,
    "results_ttft_s_min": 0.015431144000103814,
    "results_ttft_s_max": 0.08685634100038442,
    "results_ttft_s_stddev": 0.00530076112345909,
    "results_end_to_end_latency_s_quantiles_p25": 1.0877299212493199,
    "results_end_to_end_latency_s_quantiles_p50": 1.132663552500162,
    "results_end_to_end_latency_s_quantiles_p75": 1.1811851224988459,
    "results_end_to_end_latency_s_quantiles_p90": 1.2241013120996285,
    "results_end_to_end_latency_s_quantiles_p95": 1.2522519801512317,
    "results_end_to_end_latency_s_quantiles_p99": 1.2923174592906799,
    "results_end_to_end_latency_s_mean": 1.1303347491239766,
    "results_end_to_end_latency_s_min": 0.3581433849994937,
    "results_end_to_end_latency_s_max": 1.321350493000864,
    "results_end_to_end_latency_s_stddev": 0.08590795633136654,
    "results_request_output_throughput_token_per_s_quantiles_p25": 156.35019419137566,
    "results_request_output_throughput_token_per_s_quantiles_p50": 159.27415981378803,
    "results_request_output_throughput_token_per_s_quantiles_p75": 162.38921980363529,
    "results_request_output_throughput_token_per_s_quantiles_p90": 164.45149711001397,
    "results_request_output_throughput_token_per_s_quantiles_p95": 165.68061902217244,
    "results_request_output_throughput_token_per_s_quantiles_p99": 190.3569299431101,
    "results_request_output_throughput_token_per_s_mean": 159.640053389036,
    "results_request_output_throughput_token_per_s_min": 143.93843247862657,
    "results_request_output_throughput_token_per_s_max": 202.69721301874287,
    "results_request_output_throughput_token_per_s_stddev": 5.7194783864674354,
    "results_number_input_tokens_quantiles_p25": 465.75,
    "results_number_input_tokens_quantiles_p50": 566.0,
    "results_number_input_tokens_quantiles_p75": 659.0,
    "results_number_input_tokens_quantiles_p90": 738.1,
    "results_number_input_tokens_quantiles_p95": 803.0,
    "results_number_input_tokens_quantiles_p99": 915.1099999999999,
    "results_number_input_tokens_mean": 559.632,
    "results_number_input_tokens_min": "89",
    "results_number_input_tokens_max": "1036",
    "results_number_input_tokens_stddev": 150.49448413649924,
    "results_number_output_tokens_quantiles_p25": 172.0,
    "results_number_output_tokens_quantiles_p50": 181.0,
    "results_number_output_tokens_quantiles_p75": 189.0,
    "results_number_output_tokens_quantiles_p90": 197.0,
    "results_number_output_tokens_quantiles_p95": 202.04999999999995,
    "results_number_output_tokens_quantiles_p99": 212.0,
    "results_number_output_tokens_mean": 180.45,
    "results_number_output_tokens_min": "58",
    "results_number_output_tokens_max": "223",
    "results_number_output_tokens_stddev": 15.112918335027237,
    "results_overall_test_time": 567.6128163850008,
    "results_num_requests_started": 500,
    "results_error_rate": 0.0,
    "results_number_errors": 0,
    "results_error_code_frequency": "{}",
    "results_mean_output_throughput_token_per_s": 158.95518458272818,
    "results_num_completed_requests": 500,
    "results_num_completed_requests_per_sec": 0.8808821534094109,
    "timestamp": 1732598442
}