{
    "version": "2023-08-31",
    "name": "meta-llama-Llama-3-1-8B-Instruct_550_150_summary",
    "model": "meta-llama/Llama-3.1-8B-Instruct",
    "mean_input_tokens": 550,
    "stddev_input_tokens": 150,
    "mean_output_tokens": 150,
    "stddev_output_tokens": 10,
    "num_concurrent_requests": 1,
    "additional_sampling_params_temperature": 0,
    "results_inter_token_latency_s_quantiles_p25": 0.006641713192857806,
    "results_inter_token_latency_s_quantiles_p50": 0.006783004538876123,
    "results_inter_token_latency_s_quantiles_p75": 0.0069050258015264515,
    "results_inter_token_latency_s_quantiles_p90": 0.007013707813167337,
    "results_inter_token_latency_s_quantiles_p95": 0.007077105668446828,
    "results_inter_token_latency_s_quantiles_p99": 0.007225446999650272,
    "results_inter_token_latency_s_mean": 0.006774928333874531,
    "results_inter_token_latency_s_min": 0.005463067063108178,
    "results_inter_token_latency_s_max": 0.0077523174268277414,
    "results_inter_token_latency_s_stddev": 0.00021205591957479966,
    "results_ttft_s_quantiles_p25": 0.021610041500139232,
    "results_ttft_s_quantiles_p50": 0.02228478899996844,
    "results_ttft_s_quantiles_p75": 0.029963610499976312,
    "results_ttft_s_quantiles_p90": 0.031129278299977158,
    "results_ttft_s_quantiles_p95": 0.031877837000115504,
    "results_ttft_s_quantiles_p99": 0.03340930692996154,
    "results_ttft_s_mean": 0.024871669183677596,
    "results_ttft_s_min": 0.014836481999736861,
    "results_ttft_s_max": 0.06060604399999647,
    "results_ttft_s_stddev": 0.005044832317494167,
    "results_end_to_end_latency_s_quantiles_p25": 1.1766687799999431,
    "results_end_to_end_latency_s_quantiles_p50": 1.225240988499877,
    "results_end_to_end_latency_s_quantiles_p75": 1.2750553319999653,
    "results_end_to_end_latency_s_quantiles_p90": 1.3234501478001222,
    "results_end_to_end_latency_s_quantiles_p95": 1.3510815683499118,
    "results_end_to_end_latency_s_quantiles_p99": 1.39820884188003,
    "results_end_to_end_latency_s_mean": 1.2211248107816313,
    "results_end_to_end_latency_s_min": 0.3805391169998984,
    "results_end_to_end_latency_s_max": 1.425672148999638,
    "results_end_to_end_latency_s_stddev": 0.09498317989078026,
    "results_request_output_throughput_token_per_s_quantiles_p25": 144.76120576351232,
    "results_request_output_throughput_token_per_s_quantiles_p50": 147.3484845704574,
    "results_request_output_throughput_token_per_s_quantiles_p75": 150.4713585490529,
    "results_request_output_throughput_token_per_s_quantiles_p90": 152.35720001439546,
    "results_request_output_throughput_token_per_s_quantiles_p95": 153.20008194167582,
    "results_request_output_throughput_token_per_s_quantiles_p99": 156.8790691598605,
    "results_request_output_throughput_token_per_s_mean": 147.6542441486274,
    "results_request_output_throughput_token_per_s_min": 128.9300131151491,
    "results_request_output_throughput_token_per_s_max": 182.9368778008018,
    "results_request_output_throughput_token_per_s_stddev": 4.86576076707331,
    "results_number_input_tokens_quantiles_p25": 463.25,
    "results_number_input_tokens_quantiles_p50": 567.5,
    "results_number_input_tokens_quantiles_p75": 659.75,
    "results_number_input_tokens_quantiles_p90": 738.1,
    "results_number_input_tokens_quantiles_p95": 799.3999999999996,
    "results_number_input_tokens_quantiles_p99": 889.1900000000004,
    "results_number_input_tokens_mean": 559.195918367347,
    "results_number_input_tokens_min": "89",
    "results_number_input_tokens_max": "1036",
    "results_number_input_tokens_stddev": 150.77145309093092,
    "results_number_output_tokens_quantiles_p25": 172.0,
    "results_number_output_tokens_quantiles_p50": 181.0,
    "results_number_output_tokens_quantiles_p75": 189.0,
    "results_number_output_tokens_quantiles_p90": 197.0,
    "results_number_output_tokens_quantiles_p95": 202.0,
    "results_number_output_tokens_quantiles_p99": 209.0,
    "results_number_output_tokens_mean": 180.29795918367347,
    "results_number_output_tokens_min": "58",
    "results_number_output_tokens_max": "223",
    "results_number_output_tokens_stddev": 15.19003668989833,
    "results_overall_test_time": 600.9805948780001,
    "results_num_requests_started": 490,
    "results_error_rate": 0.0,
    "results_number_errors": 0,
    "results_error_code_frequency": "{}",
    "results_mean_output_throughput_token_per_s": 147.00308255033485,
    "results_num_completed_requests": 490,
    "results_num_completed_requests_per_sec": 0.8153341458545273,
    "timestamp": 1732867400
}