{
    "version": "2023-08-31",
    "name": "microsoft-Phi-3-medium-128k-instruct_550_150_summary",
    "model": "microsoft/Phi-3-medium-128k-instruct",
    "mean_input_tokens": 550,
    "stddev_input_tokens": 150,
    "mean_output_tokens": 150,
    "stddev_output_tokens": 10,
    "num_concurrent_requests": 1,
    "additional_sampling_params_temperature": 0,
    "results_inter_token_latency_s_quantiles_p25": 0.015198587484227265,
    "results_inter_token_latency_s_quantiles_p50": 0.015281124188177743,
    "results_inter_token_latency_s_quantiles_p75": 0.015365598669901795,
    "results_inter_token_latency_s_quantiles_p90": 0.015425468204590067,
    "results_inter_token_latency_s_quantiles_p95": 0.015461294035815094,
    "results_inter_token_latency_s_quantiles_p99": 0.015531480818987056,
    "results_inter_token_latency_s_mean": 0.015261517939522523,
    "results_inter_token_latency_s_min": 0.014629202544308067,
    "results_inter_token_latency_s_max": 0.01610954403996099,
    "results_inter_token_latency_s_stddev": 0.0001601413252042735,
    "results_ttft_s_quantiles_p25": 0.039215016249954715,
    "results_ttft_s_quantiles_p50": 0.04486208899925259,
    "results_ttft_s_quantiles_p75": 0.04879973450010766,
    "results_ttft_s_quantiles_p90": 0.0517204120003953,
    "results_ttft_s_quantiles_p95": 0.05255340390008314,
    "results_ttft_s_quantiles_p99": 0.06295372416067038,
    "results_ttft_s_mean": 0.04410344818995327,
    "results_ttft_s_min": 0.030655726999611943,
    "results_ttft_s_max": 0.07424829600040539,
    "results_ttft_s_stddev": 0.006839264290050139,
    "results_end_to_end_latency_s_quantiles_p25": 2.2029066262507513,
    "results_end_to_end_latency_s_quantiles_p50": 2.2958744109996587,
    "results_end_to_end_latency_s_quantiles_p75": 2.3890457472498383,
    "results_end_to_end_latency_s_quantiles_p90": 2.473037210800521,
    "results_end_to_end_latency_s_quantiles_p95": 2.528277115750097,
    "results_end_to_end_latency_s_quantiles_p99": 2.6132666334900203,
    "results_end_to_end_latency_s_mean": 2.2940111092299684,
    "results_end_to_end_latency_s_min": 1.8930727360002493,
    "results_end_to_end_latency_s_max": 2.6776091960000485,
    "results_end_to_end_latency_s_stddev": 0.142871523175455,
    "results_request_output_throughput_token_per_s_quantiles_p25": 65.06224837942617,
    "results_request_output_throughput_token_per_s_quantiles_p50": 65.42150866787918,
    "results_request_output_throughput_token_per_s_quantiles_p75": 65.77684144924798,
    "results_request_output_throughput_token_per_s_quantiles_p90": 66.33355988685054,
    "results_request_output_throughput_token_per_s_quantiles_p95": 67.01396031586762,
    "results_request_output_throughput_token_per_s_quantiles_p99": 67.54069641961827,
    "results_request_output_throughput_token_per_s_mean": 65.51323408095041,
    "results_request_output_throughput_token_per_s_min": 62.05860450364793,
    "results_request_output_throughput_token_per_s_max": 68.33665621694139,
    "results_request_output_throughput_token_per_s_stddev": 0.6930934429762432,
    "results_number_input_tokens_quantiles_p25": 465.75,
    "results_number_input_tokens_quantiles_p50": 566.0,
    "results_number_input_tokens_quantiles_p75": 659.0,
    "results_number_input_tokens_quantiles_p90": 738.1,
    "results_number_input_tokens_quantiles_p95": 803.0,
    "results_number_input_tokens_quantiles_p99": 915.1099999999999,
    "results_number_input_tokens_mean": 559.632,
    "results_number_input_tokens_min": "89",
    "results_number_input_tokens_max": "1036",
    "results_number_input_tokens_stddev": 150.49448413649924,
    "results_number_output_tokens_quantiles_p25": 144.0,
    "results_number_output_tokens_quantiles_p50": 150.0,
    "results_number_output_tokens_quantiles_p75": 157.0,
    "results_number_output_tokens_quantiles_p90": 162.0,
    "results_number_output_tokens_quantiles_p95": 166.0,
    "results_number_output_tokens_quantiles_p99": 172.0,
    "results_number_output_tokens_mean": 150.276,
    "results_number_output_tokens_min": "124",
    "results_number_output_tokens_max": "176",
    "results_number_output_tokens_stddev": 9.309412135501212,
    "results_overall_test_time": 1149.6886454390005,
    "results_num_requests_started": 500,
    "results_error_rate": 0.0,
    "results_number_errors": 0,
    "results_error_code_frequency": "{}",
    "results_mean_output_throughput_token_per_s": 65.3550857426352,
    "results_num_completed_requests": 500,
    "results_num_completed_requests_per_sec": 0.43490035496443347,
    "timestamp": 1732874318
}