{
    "version": "2023-08-31",
    "name": "microsoft-Phi-3-medium-128k-instruct_550_150_summary",
    "model": "microsoft/Phi-3-medium-128k-instruct",
    "mean_input_tokens": 550,
    "stddev_input_tokens": 150,
    "mean_output_tokens": 150,
    "stddev_output_tokens": 10,
    "num_concurrent_requests": 1,
    "additional_sampling_params_temperature": 0,
    "results_inter_token_latency_s_quantiles_p25": 0.015389544523560478,
    "results_inter_token_latency_s_quantiles_p50": 0.01547644062655228,
    "results_inter_token_latency_s_quantiles_p75": 0.01555823838771694,
    "results_inter_token_latency_s_quantiles_p90": 0.015611324029737252,
    "results_inter_token_latency_s_quantiles_p95": 0.01563335025779439,
    "results_inter_token_latency_s_quantiles_p99": 0.015668082917590035,
    "results_inter_token_latency_s_mean": 0.015444672658722907,
    "results_inter_token_latency_s_min": 0.014862866208801931,
    "results_inter_token_latency_s_max": 0.015706737802606528,
    "results_inter_token_latency_s_stddev": 0.00015836477110808296,
    "results_ttft_s_quantiles_p25": 0.0374192410008618,
    "results_ttft_s_quantiles_p50": 0.038886028500201064,
    "results_ttft_s_quantiles_p75": 0.046726865998607536,
    "results_ttft_s_quantiles_p90": 0.05013339700017241,
    "results_ttft_s_quantiles_p95": 0.05850061840174021,
    "results_ttft_s_quantiles_p99": 0.06181402876845822,
    "results_ttft_s_mean": 0.042064176140102064,
    "results_ttft_s_min": 0.028382831002090825,
    "results_ttft_s_max": 0.06316470599995228,
    "results_ttft_s_stddev": 0.007312905641963889,
    "results_end_to_end_latency_s_quantiles_p25": 2.2548399517490907,
    "results_end_to_end_latency_s_quantiles_p50": 2.331042454999988,
    "results_end_to_end_latency_s_quantiles_p75": 2.4442931152498204,
    "results_end_to_end_latency_s_quantiles_p90": 2.5129195745004838,
    "results_end_to_end_latency_s_quantiles_p95": 2.567858138850897,
    "results_end_to_end_latency_s_quantiles_p99": 2.6614757281928902,
    "results_end_to_end_latency_s_mean": 2.3440637005799543,
    "results_end_to_end_latency_s_min": 1.9921481950004818,
    "results_end_to_end_latency_s_max": 2.711791790999996,
    "results_end_to_end_latency_s_stddev": 0.13613398336090168,
    "results_request_output_throughput_token_per_s_quantiles_p25": 64.2616230868343,
    "results_request_output_throughput_token_per_s_quantiles_p50": 64.60101413168728,
    "results_request_output_throughput_token_per_s_quantiles_p75": 64.96682064145756,
    "results_request_output_throughput_token_per_s_quantiles_p90": 65.58981495885969,
    "results_request_output_throughput_token_per_s_quantiles_p95": 66.19046741974854,
    "results_request_output_throughput_token_per_s_quantiles_p99": 66.78678037495034,
    "results_request_output_throughput_token_per_s_mean": 64.73943357896171,
    "results_request_output_throughput_token_per_s_min": 63.65241056133729,
    "results_request_output_throughput_token_per_s_max": 67.26407218915136,
    "results_request_output_throughput_token_per_s_stddev": 0.6727657359256116,
    "results_number_input_tokens_quantiles_p25": 458.0,
    "results_number_input_tokens_quantiles_p50": 537.5,
    "results_number_input_tokens_quantiles_p75": 650.25,
    "results_number_input_tokens_quantiles_p90": 756.4,
    "results_number_input_tokens_quantiles_p95": 825.6999999999994,
    "results_number_input_tokens_quantiles_p99": 927.3999999999996,
    "results_number_input_tokens_mean": 551.63,
    "results_number_input_tokens_min": "89",
    "results_number_input_tokens_max": "1036",
    "results_number_input_tokens_stddev": 163.57704714219167,
    "results_number_output_tokens_quantiles_p25": 145.75,
    "results_number_output_tokens_quantiles_p50": 151.0,
    "results_number_output_tokens_quantiles_p75": 158.25,
    "results_number_output_tokens_quantiles_p90": 163.1,
    "results_number_output_tokens_quantiles_p95": 166.0,
    "results_number_output_tokens_quantiles_p99": 172.01999999999998,
    "results_number_output_tokens_mean": 151.74,
    "results_number_output_tokens_min": "130",
    "results_number_output_tokens_max": "176",
    "results_number_output_tokens_stddev": 8.7271539507678,
    "results_overall_test_time": 469.97601169399786,
    "results_num_requests_started": 200,
    "results_error_rate": 0.0,
    "results_number_errors": 0,
    "results_error_code_frequency": "{}",
    "results_mean_output_throughput_token_per_s": 64.57350852996223,
    "results_num_completed_requests": 200,
    "results_num_completed_requests_per_sec": 0.4255536347038502,
    "timestamp": 1732609118
}