{
    "version": "2023-08-31",
    "name": "dolphin-2-6-mixtral-8x7b_550_150_summary",
    "model": "dolphin-2-6-mixtral-8x7b",
    "mean_input_tokens": 550,
    "stddev_input_tokens": 150,
    "mean_output_tokens": 150,
    "stddev_output_tokens": 10,
    "num_concurrent_requests": 10,
    "additional_sampling_params_temperature": 0,
    "results_inter_token_latency_s_quantiles_p25": 0.025276932969981628,
    "results_inter_token_latency_s_quantiles_p50": 0.02616413173710353,
    "results_inter_token_latency_s_quantiles_p75": 0.02722315468059839,
    "results_inter_token_latency_s_quantiles_p90": 0.02813856254962752,
    "results_inter_token_latency_s_quantiles_p95": 0.02937244776817491,
    "results_inter_token_latency_s_quantiles_p99": 0.3603372797166639,
    "results_inter_token_latency_s_mean": 0.035810335335229364,
    "results_inter_token_latency_s_min": 0.010934094679247358,
    "results_inter_token_latency_s_max": 0.39689164633333957,
    "results_inter_token_latency_s_stddev": 0.054746298234285055,
    "results_ttft_s_quantiles_p25": 0.670788836249983,
    "results_ttft_s_quantiles_p50": 0.7583785269999908,
    "results_ttft_s_quantiles_p75": 0.8812871035000285,
    "results_ttft_s_quantiles_p90": 0.9838384976000043,
    "results_ttft_s_quantiles_p95": 0.9983195192501284,
    "results_ttft_s_quantiles_p99": 1.2828813585600278,
    "results_ttft_s_mean": 0.7408731086333212,
    "results_ttft_s_min": 0.1559816819999469,
    "results_ttft_s_max": 1.2887174150000646,
    "results_ttft_s_stddev": 0.23690468170617054,
    "results_end_to_end_latency_s_quantiles_p25": 3.800637893750036,
    "results_end_to_end_latency_s_quantiles_p50": 3.9884154394999314,
    "results_end_to_end_latency_s_quantiles_p75": 4.175514402500141,
    "results_end_to_end_latency_s_quantiles_p90": 4.286947884999904,
    "results_end_to_end_latency_s_quantiles_p95": 4.385909424849979,
    "results_end_to_end_latency_s_quantiles_p99": 4.7843777105701655,
    "results_end_to_end_latency_s_mean": 3.853596939383334,
    "results_end_to_end_latency_s_min": 0.7814615780000622,
    "results_end_to_end_latency_s_max": 4.892649800999834,
    "results_end_to_end_latency_s_stddev": 0.6755278177345622,
    "results_request_output_throughput_token_per_s_quantiles_p25": 36.7230878808725,
    "results_request_output_throughput_token_per_s_quantiles_p50": 38.2171176892417,
    "results_request_output_throughput_token_per_s_quantiles_p75": 39.557771981296796,
    "results_request_output_throughput_token_per_s_quantiles_p90": 41.11967900021505,
    "results_request_output_throughput_token_per_s_quantiles_p95": 42.581253206862954,
    "results_request_output_throughput_token_per_s_quantiles_p99": 73.12020626858822,
    "results_request_output_throughput_token_per_s_mean": 38.233372394511505,
    "results_request_output_throughput_token_per_s_min": 2.519362808502645,
    "results_request_output_throughput_token_per_s_max": 91.44593043947707,
    "results_request_output_throughput_token_per_s_stddev": 9.339282588755825,
    "results_number_input_tokens_quantiles_p25": 458.75,
    "results_number_input_tokens_quantiles_p50": 551.0,
    "results_number_input_tokens_quantiles_p75": 650.0,
    "results_number_input_tokens_quantiles_p90": 745.7000000000002,
    "results_number_input_tokens_quantiles_p95": 812.0,
    "results_number_input_tokens_quantiles_p99": 927.3999999999996,
    "results_number_input_tokens_mean": 553.52,
    "results_number_input_tokens_min": "89",
    "results_number_input_tokens_max": "1036",
    "results_number_input_tokens_stddev": 156.4813224667291,
    "results_number_output_tokens_quantiles_p25": 146.0,
    "results_number_output_tokens_quantiles_p50": 152.0,
    "results_number_output_tokens_quantiles_p75": 160.0,
    "results_number_output_tokens_quantiles_p90": 167.0,
    "results_number_output_tokens_quantiles_p95": 170.05,
    "results_number_output_tokens_quantiles_p99": 177.01,
    "results_number_output_tokens_mean": 148.47333333333333,
    "results_number_output_tokens_min": "3",
    "results_number_output_tokens_max": "183",
    "results_number_output_tokens_stddev": 28.929090257027088,
    "results_overall_test_time": 131.21626831100002,
    "results_num_requests_started": 300,
    "results_error_rate": 0.0,
    "results_number_errors": 0,
    "results_error_code_frequency": "{}",
    "results_mean_output_throughput_token_per_s": 339.45486008205575,
    "results_num_completed_requests": 300,
    "results_num_completed_requests_per_sec": 2.286301872942767,
    "timestamp": 1734401520
}