{
    "version": "2023-08-31",
    "name": "dolphin-2-6-mixtral-8x7b_550_150_summary",
    "model": "dolphin-2-6-mixtral-8x7b",
    "mean_input_tokens": 550,
    "stddev_input_tokens": 150,
    "mean_output_tokens": 150,
    "stddev_output_tokens": 10,
    "num_concurrent_requests": 1,
    "additional_sampling_params_temperature": 0,
    "results_inter_token_latency_s_quantiles_p25": 0.007975539300038387,
    "results_inter_token_latency_s_quantiles_p50": 0.008192071424063318,
    "results_inter_token_latency_s_quantiles_p75": 0.008420086480832829,
    "results_inter_token_latency_s_quantiles_p90": 0.008702327273178354,
    "results_inter_token_latency_s_quantiles_p95": 0.008870677312183288,
    "results_inter_token_latency_s_quantiles_p99": 0.06592309629321483,
    "results_inter_token_latency_s_mean": 0.010202317728272193,
    "results_inter_token_latency_s_min": 0.007203798000050319,
    "results_inter_token_latency_s_max": 0.09827013666654238,
    "results_inter_token_latency_s_stddev": 0.011048815239713603,
    "results_ttft_s_quantiles_p25": 0.1933456177489461,
    "results_ttft_s_quantiles_p50": 0.19457202549983776,
    "results_ttft_s_quantiles_p75": 0.19580145350028033,
    "results_ttft_s_quantiles_p90": 0.19815102519933134,
    "results_ttft_s_quantiles_p95": 0.20275951345111026,
    "results_ttft_s_quantiles_p99": 0.2946320971390196,
    "results_ttft_s_mean": 0.19405361188669606,
    "results_ttft_s_min": 0.08889823299978161,
    "results_ttft_s_max": 0.3041066690002481,
    "results_ttft_s_stddev": 0.024326750754597035,
    "results_end_to_end_latency_s_quantiles_p25": 1.1964104499993482,
    "results_end_to_end_latency_s_quantiles_p50": 1.289467679500376,
    "results_end_to_end_latency_s_quantiles_p75": 1.2974450899996555,
    "results_end_to_end_latency_s_quantiles_p90": 1.3941631222012802,
    "results_end_to_end_latency_s_quantiles_p95": 1.397611142948972,
    "results_end_to_end_latency_s_quantiles_p99": 1.4027798619798157,
    "results_end_to_end_latency_s_mean": 1.2182893080433799,
    "results_end_to_end_latency_s_min": 0.19163729600040824,
    "results_end_to_end_latency_s_max": 1.495695658000841,
    "results_end_to_end_latency_s_stddev": 0.20840955270283307,
    "results_request_output_throughput_token_per_s_quantiles_p25": 118.72519557005084,
    "results_request_output_throughput_token_per_s_quantiles_p50": 122.05103584795116,
    "results_request_output_throughput_token_per_s_quantiles_p75": 125.36727062135377,
    "results_request_output_throughput_token_per_s_quantiles_p90": 128.3242888991138,
    "results_request_output_throughput_token_per_s_quantiles_p95": 131.22060300750172,
    "results_request_output_throughput_token_per_s_quantiles_p99": 133.3856073051356,
    "results_request_output_throughput_token_per_s_mean": 118.69093721083651,
    "results_request_output_throughput_token_per_s_min": 10.17007246063128,
    "results_request_output_throughput_token_per_s_max": 138.78087633186254,
    "results_request_output_throughput_token_per_s_stddev": 20.058811212859958,
    "results_number_input_tokens_quantiles_p25": 458.75,
    "results_number_input_tokens_quantiles_p50": 551.0,
    "results_number_input_tokens_quantiles_p75": 650.0,
    "results_number_input_tokens_quantiles_p90": 745.7000000000002,
    "results_number_input_tokens_quantiles_p95": 812.0,
    "results_number_input_tokens_quantiles_p99": 927.3999999999996,
    "results_number_input_tokens_mean": 553.52,
    "results_number_input_tokens_min": "89",
    "results_number_input_tokens_max": "1036",
    "results_number_input_tokens_stddev": 156.4813224667291,
    "results_number_output_tokens_quantiles_p25": 146.0,
    "results_number_output_tokens_quantiles_p50": 152.0,
    "results_number_output_tokens_quantiles_p75": 160.0,
    "results_number_output_tokens_quantiles_p90": 167.10000000000002,
    "results_number_output_tokens_quantiles_p95": 171.0,
    "results_number_output_tokens_quantiles_p99": 177.01,
    "results_number_output_tokens_mean": 148.23,
    "results_number_output_tokens_min": "3",
    "results_number_output_tokens_max": "183",
    "results_number_output_tokens_stddev": 29.661813451937242,
    "results_overall_test_time": 367.1518548059994,
    "results_num_requests_started": 300,
    "results_error_rate": 0.0,
    "results_number_errors": 0,
    "results_error_code_frequency": "{}",
    "results_mean_output_throughput_token_per_s": 121.11882159358046,
    "results_num_completed_requests": 300,
    "results_num_completed_requests_per_sec": 0.8171005976764519,
    "timestamp": 1734069334
}