{
    "version": "2023-08-31",
    "name": "hugging-quants-Meta-Llama-3-1-70B-Instruct-AWQ-INT4_550_150_summary",
    "model": "hugging-quants/Meta-Llama-3.1-70B-Instruct-AWQ-INT4",
    "mean_input_tokens": 550,
    "stddev_input_tokens": 150,
    "mean_output_tokens": 150,
    "stddev_output_tokens": 10,
    "num_concurrent_requests": 1,
    "additional_sampling_params_temperature": 0,
    "results_inter_token_latency_s_quantiles_p25": 0.023101727041412178,
    "results_inter_token_latency_s_quantiles_p50": 0.025026874641226434,
    "results_inter_token_latency_s_quantiles_p75": 0.031087761662745912,
    "results_inter_token_latency_s_quantiles_p90": 0.03803330040366086,
    "results_inter_token_latency_s_quantiles_p95": 0.04248947531006131,
    "results_inter_token_latency_s_quantiles_p99": 0.048644014503208204,
    "results_inter_token_latency_s_mean": 0.0279956066001284,
    "results_inter_token_latency_s_min": 0.020884736642804973,
    "results_inter_token_latency_s_max": 0.060317586924447615,
    "results_inter_token_latency_s_stddev": 0.007014894254636477,
    "results_ttft_s_quantiles_p25": 0.20921403549982642,
    "results_ttft_s_quantiles_p50": 0.24580160849973254,
    "results_ttft_s_quantiles_p75": 0.2878303662500912,
    "results_ttft_s_quantiles_p90": 0.36664090830008716,
    "results_ttft_s_quantiles_p95": 0.44591797349985407,
    "results_ttft_s_quantiles_p99": 0.6558442443502623,
    "results_ttft_s_mean": 0.2643569024399903,
    "results_ttft_s_min": 0.07707188600033987,
    "results_ttft_s_max": 0.9807523169993146,
    "results_ttft_s_stddev": 0.11181356990630806,
    "results_end_to_end_latency_s_quantiles_p25": 4.030686170500303,
    "results_end_to_end_latency_s_quantiles_p50": 4.5622307759999785,
    "results_end_to_end_latency_s_quantiles_p75": 5.416309217500157,
    "results_end_to_end_latency_s_quantiles_p90": 6.488473409000198,
    "results_end_to_end_latency_s_quantiles_p95": 7.547667868999994,
    "results_end_to_end_latency_s_quantiles_p99": 9.151157311419528,
    "results_end_to_end_latency_s_mean": 4.917529499560024,
    "results_end_to_end_latency_s_min": 1.195001226000386,
    "results_end_to_end_latency_s_max": 10.375285116999294,
    "results_end_to_end_latency_s_stddev": 1.2986019417488908,
    "results_request_output_throughput_token_per_s_quantiles_p25": 32.16318308839366,
    "results_request_output_throughput_token_per_s_quantiles_p50": 39.95171047965323,
    "results_request_output_throughput_token_per_s_quantiles_p75": 43.279384624450216,
    "results_request_output_throughput_token_per_s_quantiles_p90": 45.10866839448909,
    "results_request_output_throughput_token_per_s_quantiles_p95": 46.00270706676722,
    "results_request_output_throughput_token_per_s_quantiles_p99": 47.23305568404468,
    "results_request_output_throughput_token_per_s_mean": 37.45789699716361,
    "results_request_output_throughput_token_per_s_min": 16.577857674309897,
    "results_request_output_throughput_token_per_s_max": 47.70033754202018,
    "results_request_output_throughput_token_per_s_stddev": 7.257893288406765,
    "results_number_input_tokens_quantiles_p25": 458.0,
    "results_number_input_tokens_quantiles_p50": 537.5,
    "results_number_input_tokens_quantiles_p75": 650.25,
    "results_number_input_tokens_quantiles_p90": 756.4,
    "results_number_input_tokens_quantiles_p95": 825.6999999999994,
    "results_number_input_tokens_quantiles_p99": 927.3999999999996,
    "results_number_input_tokens_mean": 551.63,
    "results_number_input_tokens_min": "89",
    "results_number_input_tokens_max": "1036",
    "results_number_input_tokens_stddev": 163.57704714219167,
    "results_number_output_tokens_quantiles_p25": 167.0,
    "results_number_output_tokens_quantiles_p50": 175.0,
    "results_number_output_tokens_quantiles_p75": 186.0,
    "results_number_output_tokens_quantiles_p90": 194.0,
    "results_number_output_tokens_quantiles_p95": 199.04999999999998,
    "results_number_output_tokens_quantiles_p99": 203.01,
    "results_number_output_tokens_mean": 175.59,
    "results_number_output_tokens_min": "56",
    "results_number_output_tokens_max": "209",
    "results_number_output_tokens_stddev": 15.76179147025359,
    "results_overall_test_time": 984.8269671629996,
    "results_num_requests_started": 200,
    "results_error_rate": 0.0,
    "results_number_errors": 0,
    "results_error_code_frequency": "{}",
    "results_mean_output_throughput_token_per_s": 35.65905602805004,
    "results_num_completed_requests": 200,
    "results_num_completed_requests_per_sec": 0.20308136014607917,
    "timestamp": 1732701921
}