{
    "version": "2023-08-31",
    "name": "meta-llama-Llama-3-1-8B-Instruct_550_150_summary",
    "model": "meta-llama/Llama-3.1-8B-Instruct",
    "mean_input_tokens": 550,
    "stddev_input_tokens": 150,
    "mean_output_tokens": 150,
    "stddev_output_tokens": 10,
    "num_concurrent_requests": 1,
    "additional_sampling_params_temperature": 0,
    "results_inter_token_latency_s_quantiles_p25": 0.0064402164187940805,
    "results_inter_token_latency_s_quantiles_p50": 0.006558204843346642,
    "results_inter_token_latency_s_quantiles_p75": 0.006692081959857347,
    "results_inter_token_latency_s_quantiles_p90": 0.006809659202532787,
    "results_inter_token_latency_s_quantiles_p95": 0.006860894389944698,
    "results_inter_token_latency_s_quantiles_p99": 0.007037945191572957,
    "results_inter_token_latency_s_mean": 0.006573988289159667,
    "results_inter_token_latency_s_min": 0.005139891713616782,
    "results_inter_token_latency_s_max": 0.01358961338513417,
    "results_inter_token_latency_s_stddev": 0.00038604996098830766,
    "results_ttft_s_quantiles_p25": 0.0229599984999993,
    "results_ttft_s_quantiles_p50": 0.023927837499954308,
    "results_ttft_s_quantiles_p75": 0.03499720524996519,
    "results_ttft_s_quantiles_p90": 0.035937251300026674,
    "results_ttft_s_quantiles_p95": 0.03653573599997628,
    "results_ttft_s_quantiles_p99": 0.041062778610020695,
    "results_ttft_s_mean": 0.030067945750000262,
    "results_ttft_s_min": 0.019742955999959122,
    "results_ttft_s_max": 1.0450510599999916,
    "results_ttft_s_stddev": 0.045975355261165016,
    "results_end_to_end_latency_s_quantiles_p25": 1.1387247949999875,
    "results_end_to_end_latency_s_quantiles_p50": 1.1874528910000208,
    "results_end_to_end_latency_s_quantiles_p75": 1.2374300937500067,
    "results_end_to_end_latency_s_quantiles_p90": 1.2799713833999875,
    "results_end_to_end_latency_s_quantiles_p95": 1.3084510740499709,
    "results_end_to_end_latency_s_quantiles_p99": 1.352025999039983,
    "results_end_to_end_latency_s_mean": 1.1850861889700002,
    "results_end_to_end_latency_s_min": 0.37693073499997354,
    "results_end_to_end_latency_s_max": 2.011705169000038,
    "results_end_to_end_latency_s_stddev": 0.09632043192258807,
    "results_request_output_throughput_token_per_s_quantiles_p25": 149.35145721893193,
    "results_request_output_throughput_token_per_s_quantiles_p50": 152.4085820347894,
    "results_request_output_throughput_token_per_s_quantiles_p75": 155.17427012170737,
    "results_request_output_throughput_token_per_s_quantiles_p90": 157.57059415311085,
    "results_request_output_throughput_token_per_s_quantiles_p95": 158.33847317876828,
    "results_request_output_throughput_token_per_s_quantiles_p99": 183.10897449817497,
    "results_request_output_throughput_token_per_s_mean": 152.3750603692715,
    "results_request_output_throughput_token_per_s_min": 73.56942870190399,
    "results_request_output_throughput_token_per_s_max": 194.4582907471247,
    "results_request_output_throughput_token_per_s_stddev": 6.657325385904157,
    "results_number_input_tokens_quantiles_p25": 465.75,
    "results_number_input_tokens_quantiles_p50": 566.0,
    "results_number_input_tokens_quantiles_p75": 659.0,
    "results_number_input_tokens_quantiles_p90": 738.1,
    "results_number_input_tokens_quantiles_p95": 803.0,
    "results_number_input_tokens_quantiles_p99": 915.1099999999999,
    "results_number_input_tokens_mean": 559.632,
    "results_number_input_tokens_min": "89",
    "results_number_input_tokens_max": "1036",
    "results_number_input_tokens_stddev": 150.49448413649924,
    "results_number_output_tokens_quantiles_p25": 172.0,
    "results_number_output_tokens_quantiles_p50": 181.0,
    "results_number_output_tokens_quantiles_p75": 189.0,
    "results_number_output_tokens_quantiles_p90": 197.0,
    "results_number_output_tokens_quantiles_p95": 202.04999999999995,
    "results_number_output_tokens_quantiles_p99": 212.0,
    "results_number_output_tokens_mean": 180.45,
    "results_number_output_tokens_min": "58",
    "results_number_output_tokens_max": "223",
    "results_number_output_tokens_stddev": 15.112918335027237,
    "results_overall_test_time": 595.03865179,
    "results_num_requests_started": 500,
    "results_error_rate": 0.0,
    "results_number_errors": 0,
    "results_error_code_frequency": "{}",
    "results_mean_output_throughput_token_per_s": 151.62880550462467,
    "results_num_completed_requests": 500,
    "results_num_completed_requests_per_sec": 0.8402815489311426,
    "timestamp": 1732695797
}