{
    "version": "2023-08-31",
    "name": "meta-llama-Llama-3-1-8B-Instruct_550_150_summary",
    "model": "meta-llama/Llama-3.1-8B-Instruct",
    "mean_input_tokens": 550,
    "stddev_input_tokens": 150,
    "mean_output_tokens": 150,
    "stddev_output_tokens": 10,
    "num_concurrent_requests": 1,
    "additional_sampling_params_temperature": 0,
    "results_inter_token_latency_s_quantiles_p25": 0.008363401240438334,
    "results_inter_token_latency_s_quantiles_p50": 0.015214083297747349,
    "results_inter_token_latency_s_quantiles_p75": 0.02708865455555536,
    "results_inter_token_latency_s_quantiles_p90": 0.04214708065549982,
    "results_inter_token_latency_s_quantiles_p95": 0.049664451362201156,
    "results_inter_token_latency_s_quantiles_p99": 0.06873650419767498,
    "results_inter_token_latency_s_mean": 0.020734826464215098,
    "results_inter_token_latency_s_min": 0.007086167696132767,
    "results_inter_token_latency_s_max": 0.09462561394565104,
    "results_inter_token_latency_s_stddev": 0.01546538215294073,
    "results_ttft_s_quantiles_p25": 0.02322338999999829,
    "results_ttft_s_quantiles_p50": 0.023881283000037,
    "results_ttft_s_quantiles_p75": 0.03503096999997979,
    "results_ttft_s_quantiles_p90": 0.03597613919996547,
    "results_ttft_s_quantiles_p95": 0.04034939600003327,
    "results_ttft_s_quantiles_p99": 0.3130306319999676,
    "results_ttft_s_mean": 0.04131873420073942,
    "results_ttft_s_min": 0.019408601000009185,
    "results_ttft_s_max": 1.5429747670000324,
    "results_ttft_s_stddev": 0.10194112116670105,
    "results_end_to_end_latency_s_quantiles_p25": 1.4961344879999388,
    "results_end_to_end_latency_s_quantiles_p50": 2.826153478999913,
    "results_end_to_end_latency_s_quantiles_p75": 4.8640272349999805,
    "results_end_to_end_latency_s_quantiles_p90": 7.3192679636000335,
    "results_end_to_end_latency_s_quantiles_p95": 8.599803280400009,
    "results_end_to_end_latency_s_quantiles_p99": 12.565764307040002,
    "results_end_to_end_latency_s_mean": 3.7259954309851167,
    "results_end_to_end_latency_s_min": 1.131638720000069,
    "results_end_to_end_latency_s_max": 17.411678578999954,
    "results_end_to_end_latency_s_stddev": 2.7841393728931716,
    "results_request_output_throughput_token_per_s_quantiles_p25": 36.911560533017855,
    "results_request_output_throughput_token_per_s_quantiles_p50": 65.71791470606071,
    "results_request_output_throughput_token_per_s_quantiles_p75": 119.52111252477174,
    "results_request_output_throughput_token_per_s_quantiles_p90": 134.47919460855175,
    "results_request_output_throughput_token_per_s_quantiles_p95": 136.68120703283563,
    "results_request_output_throughput_token_per_s_quantiles_p99": 140.1840644831682,
    "results_request_output_throughput_token_per_s_mean": 73.94669200345122,
    "results_request_output_throughput_token_per_s_min": 10.567619840049224,
    "results_request_output_throughput_token_per_s_max": 141.06318158723928,
    "results_request_output_throughput_token_per_s_stddev": 41.979972033627334,
    "results_number_input_tokens_quantiles_p25": 482.0,
    "results_number_input_tokens_quantiles_p50": 592.0,
    "results_number_input_tokens_quantiles_p75": 668.0,
    "results_number_input_tokens_quantiles_p90": 730.6000000000001,
    "results_number_input_tokens_quantiles_p95": 779.2,
    "results_number_input_tokens_quantiles_p99": 841.4399999999998,
    "results_number_input_tokens_mean": 570.0371747211896,
    "results_number_input_tokens_min": "166",
    "results_number_input_tokens_max": "881",
    "results_number_input_tokens_stddev": 137.1663064597458,
    "results_number_output_tokens_quantiles_p25": 172.0,
    "results_number_output_tokens_quantiles_p50": 181.0,
    "results_number_output_tokens_quantiles_p75": 188.0,
    "results_number_output_tokens_quantiles_p90": 196.0,
    "results_number_output_tokens_quantiles_p95": 201.6,
    "results_number_output_tokens_quantiles_p99": 208.0,
    "results_number_output_tokens_mean": 180.0297397769517,
    "results_number_output_tokens_min": "110",
    "results_number_output_tokens_max": "223",
    "results_number_output_tokens_stddev": 13.618435989959652,
    "results_overall_test_time": 1003.504827368,
    "results_num_requests_started": 269,
    "results_error_rate": 0.0,
    "results_number_errors": 0,
    "results_error_code_frequency": "{}",
    "results_mean_output_throughput_token_per_s": 48.2588610231376,
    "results_num_completed_requests": 269,
    "results_num_completed_requests_per_sec": 0.2680604942434958,
    "timestamp": 1733120947
}