{
    "version": "2023-08-31",
    "name": "meta-llama-Llama-3-1-8B-Instruct_550_150_summary",
    "model": "meta-llama/Llama-3.1-8B-Instruct",
    "mean_input_tokens": 550,
    "stddev_input_tokens": 150,
    "mean_output_tokens": 150,
    "stddev_output_tokens": 10,
    "num_concurrent_requests": 1,
    "additional_sampling_params_temperature": 0,
    "results_inter_token_latency_s_quantiles_p25": 0.006414492152042138,
    "results_inter_token_latency_s_quantiles_p50": 0.0065462087684403595,
    "results_inter_token_latency_s_quantiles_p75": 0.00666879267451252,
    "results_inter_token_latency_s_quantiles_p90": 0.006770329908310284,
    "results_inter_token_latency_s_quantiles_p95": 0.0068373891455577865,
    "results_inter_token_latency_s_quantiles_p99": 0.006924934120660018,
    "results_inter_token_latency_s_mean": 0.006537415163261974,
    "results_inter_token_latency_s_min": 0.005171695657282884,
    "results_inter_token_latency_s_max": 0.0073042088580352335,
    "results_inter_token_latency_s_stddev": 0.00021461939695509777,
    "results_ttft_s_quantiles_p25": 0.02258764800001245,
    "results_ttft_s_quantiles_p50": 0.023323633000018162,
    "results_ttft_s_quantiles_p75": 0.034402057749900905,
    "results_ttft_s_quantiles_p90": 0.035380380200035685,
    "results_ttft_s_quantiles_p95": 0.03592810069985716,
    "results_ttft_s_quantiles_p99": 0.03745115134004209,
    "results_ttft_s_mean": 0.027214452974003052,
    "results_ttft_s_min": 0.0195565600001828,
    "results_ttft_s_max": 0.03827251799998521,
    "results_ttft_s_stddev": 0.006157307782178671,
    "results_end_to_end_latency_s_quantiles_p25": 1.1335811565000995,
    "results_end_to_end_latency_s_quantiles_p50": 1.1828798589999678,
    "results_end_to_end_latency_s_quantiles_p75": 1.232079256499901,
    "results_end_to_end_latency_s_quantiles_p90": 1.2749616921999405,
    "results_end_to_end_latency_s_quantiles_p95": 1.305218549949825,
    "results_end_to_end_latency_s_quantiles_p99": 1.3457721911500562,
    "results_end_to_end_latency_s_mean": 1.1789813948339998,
    "results_end_to_end_latency_s_min": 0.3802017779999005,
    "results_end_to_end_latency_s_max": 1.3728742129999318,
    "results_end_to_end_latency_s_stddev": 0.08903106117804017,
    "results_request_output_throughput_token_per_s_quantiles_p25": 149.8881396912896,
    "results_request_output_throughput_token_per_s_quantiles_p50": 152.65615839772852,
    "results_request_output_throughput_token_per_s_quantiles_p75": 155.78482150621323,
    "results_request_output_throughput_token_per_s_quantiles_p90": 157.63938730593858,
    "results_request_output_throughput_token_per_s_quantiles_p95": 158.93384503613504,
    "results_request_output_throughput_token_per_s_quantiles_p99": 182.48123749241725,
    "results_request_output_throughput_token_per_s_mean": 153.04436904541123,
    "results_request_output_throughput_token_per_s_min": 136.83281419949932,
    "results_request_output_throughput_token_per_s_max": 193.2804890985821,
    "results_request_output_throughput_token_per_s_stddev": 5.468484246004666,
    "results_number_input_tokens_quantiles_p25": 465.75,
    "results_number_input_tokens_quantiles_p50": 566.0,
    "results_number_input_tokens_quantiles_p75": 659.0,
    "results_number_input_tokens_quantiles_p90": 738.1,
    "results_number_input_tokens_quantiles_p95": 803.0,
    "results_number_input_tokens_quantiles_p99": 915.1099999999999,
    "results_number_input_tokens_mean": 559.632,
    "results_number_input_tokens_min": "89",
    "results_number_input_tokens_max": "1036",
    "results_number_input_tokens_stddev": 150.49448413649924,
    "results_number_output_tokens_quantiles_p25": 172.0,
    "results_number_output_tokens_quantiles_p50": 181.0,
    "results_number_output_tokens_quantiles_p75": 189.0,
    "results_number_output_tokens_quantiles_p90": 197.0,
    "results_number_output_tokens_quantiles_p95": 202.04999999999995,
    "results_number_output_tokens_quantiles_p99": 212.0,
    "results_number_output_tokens_mean": 180.45,
    "results_number_output_tokens_min": "58",
    "results_number_output_tokens_max": "223",
    "results_number_output_tokens_stddev": 15.112918335027237,
    "results_overall_test_time": 591.934197544,
    "results_num_requests_started": 500,
    "results_error_rate": 0.0,
    "results_number_errors": 0,
    "results_error_code_frequency": "{}",
    "results_mean_output_throughput_token_per_s": 152.42403695267723,
    "results_num_completed_requests": 500,
    "results_num_completed_requests_per_sec": 0.8446884840824452,
    "timestamp": 1732696706
}