{
    "version": "2023-08-31",
    "name": "microsoft-Phi-3-medium-128k-instruct_550_150_summary",
    "model": "microsoft/Phi-3-medium-128k-instruct",
    "mean_input_tokens": 550,
    "stddev_input_tokens": 150,
    "mean_output_tokens": 150,
    "stddev_output_tokens": 10,
    "num_concurrent_requests": 1,
    "additional_sampling_params_temperature": 0,
    "results_inter_token_latency_s_quantiles_p25": 0.016120445609006585,
    "results_inter_token_latency_s_quantiles_p50": 0.016234483983115916,
    "results_inter_token_latency_s_quantiles_p75": 0.016384146019936655,
    "results_inter_token_latency_s_quantiles_p90": 0.01662377351163876,
    "results_inter_token_latency_s_quantiles_p95": 0.01771386400387397,
    "results_inter_token_latency_s_quantiles_p99": 0.02104518998351571,
    "results_inter_token_latency_s_mean": 0.016536118505224087,
    "results_inter_token_latency_s_min": 0.015699834187933984,
    "results_inter_token_latency_s_max": 0.03544254979872922,
    "results_inter_token_latency_s_stddev": 0.0016661025766606548,
    "results_ttft_s_quantiles_p25": 0.04109649899999113,
    "results_ttft_s_quantiles_p50": 0.0438327684998967,
    "results_ttft_s_quantiles_p75": 0.0481555465000838,
    "results_ttft_s_quantiles_p90": 0.051528749300041456,
    "results_ttft_s_quantiles_p95": 0.06018826725014605,
    "results_ttft_s_quantiles_p99": 0.06445440627977858,
    "results_ttft_s_mean": 0.04911152317000187,
    "results_ttft_s_min": 0.038985053000033076,
    "results_ttft_s_max": 0.7902980670000943,
    "results_ttft_s_stddev": 0.05296493967474795,
    "results_end_to_end_latency_s_quantiles_p25": 2.368387214250106,
    "results_end_to_end_latency_s_quantiles_p50": 2.4655564404997676,
    "results_end_to_end_latency_s_quantiles_p75": 2.5967746694999505,
    "results_end_to_end_latency_s_quantiles_p90": 2.722893885399844,
    "results_end_to_end_latency_s_quantiles_p95": 2.804989785599945,
    "results_end_to_end_latency_s_quantiles_p99": 3.433852897969957,
    "results_end_to_end_latency_s_mean": 2.5112421813799686,
    "results_end_to_end_latency_s_min": 2.1028929559997778,
    "results_end_to_end_latency_s_max": 5.636008997999852,
    "results_end_to_end_latency_s_stddev": 0.3121908957354139,
    "results_request_output_throughput_token_per_s_quantiles_p25": 61.01847395668914,
    "results_request_output_throughput_token_per_s_quantiles_p50": 61.58398858791216,
    "results_request_output_throughput_token_per_s_quantiles_p75": 62.01831279993687,
    "results_request_output_throughput_token_per_s_quantiles_p90": 62.37497389163533,
    "results_request_output_throughput_token_per_s_quantiles_p95": 62.74317592973958,
    "results_request_output_throughput_token_per_s_quantiles_p99": 63.208049510421176,
    "results_request_output_throughput_token_per_s_mean": 60.80665826888881,
    "results_request_output_throughput_token_per_s_min": 28.211452475754932,
    "results_request_output_throughput_token_per_s_max": 63.67661230207457,
    "results_request_output_throughput_token_per_s_stddev": 3.5886508682068197,
    "results_number_input_tokens_quantiles_p25": 458.0,
    "results_number_input_tokens_quantiles_p50": 537.5,
    "results_number_input_tokens_quantiles_p75": 650.25,
    "results_number_input_tokens_quantiles_p90": 756.4,
    "results_number_input_tokens_quantiles_p95": 825.6999999999994,
    "results_number_input_tokens_quantiles_p99": 927.3999999999996,
    "results_number_input_tokens_mean": 551.63,
    "results_number_input_tokens_min": "89",
    "results_number_input_tokens_max": "1036",
    "results_number_input_tokens_stddev": 163.57704714219167,
    "results_number_output_tokens_quantiles_p25": 145.75,
    "results_number_output_tokens_quantiles_p50": 151.0,
    "results_number_output_tokens_quantiles_p75": 158.25,
    "results_number_output_tokens_quantiles_p90": 163.1,
    "results_number_output_tokens_quantiles_p95": 166.0,
    "results_number_output_tokens_quantiles_p99": 172.01999999999998,
    "results_number_output_tokens_mean": 151.74,
    "results_number_output_tokens_min": "130",
    "results_number_output_tokens_max": "176",
    "results_number_output_tokens_stddev": 8.7271539507678,
    "results_overall_test_time": 503.3180633940001,
    "results_num_requests_started": 200,
    "results_error_rate": 0.0,
    "results_number_errors": 0,
    "results_error_code_frequency": "{}",
    "results_mean_output_throughput_token_per_s": 60.29586896873086,
    "results_num_completed_requests": 200,
    "results_num_completed_requests_per_sec": 0.3973630484297539,
    "timestamp": 1732698367
}