{
    "version": "2023-08-31",
    "name": "dolphin-2-6-mixtral-8x7b_550_150_summary",
    "model": "dolphin-2-6-mixtral-8x7b",
    "mean_input_tokens": 550,
    "stddev_input_tokens": 150,
    "mean_output_tokens": 150,
    "stddev_output_tokens": 10,
    "num_concurrent_requests": 5,
    "additional_sampling_params_temperature": 0,
    "results_inter_token_latency_s_quantiles_p25": 0.017764910693176518,
    "results_inter_token_latency_s_quantiles_p50": 0.018454116876711557,
    "results_inter_token_latency_s_quantiles_p75": 0.019068984899089887,
    "results_inter_token_latency_s_quantiles_p90": 0.02009498931094451,
    "results_inter_token_latency_s_quantiles_p95": 0.02075419379109911,
    "results_inter_token_latency_s_quantiles_p99": 0.19689714078331236,
    "results_inter_token_latency_s_mean": 0.02413273860969251,
    "results_inter_token_latency_s_min": 0.011836634220124199,
    "results_inter_token_latency_s_max": 0.19840095433338925,
    "results_inter_token_latency_s_stddev": 0.029858783168530207,
    "results_ttft_s_quantiles_p25": 0.38440305550011544,
    "results_ttft_s_quantiles_p50": 0.46674347950010997,
    "results_ttft_s_quantiles_p75": 0.4910941242499689,
    "results_ttft_s_quantiles_p90": 0.5894627755001466,
    "results_ttft_s_quantiles_p95": 0.5952232848001586,
    "results_ttft_s_quantiles_p99": 0.6895335685400595,
    "results_ttft_s_mean": 0.42461422207333577,
    "results_ttft_s_min": 0.16414877599981992,
    "results_ttft_s_max": 0.69265842599998,
    "results_ttft_s_stddev": 0.12621127834870943,
    "results_end_to_end_latency_s_quantiles_p25": 2.6952590392498905,
    "results_end_to_end_latency_s_quantiles_p50": 2.7973483670000405,
    "results_end_to_end_latency_s_quantiles_p75": 2.899836420500037,
    "results_end_to_end_latency_s_quantiles_p90": 3.0909183721000772,
    "results_end_to_end_latency_s_quantiles_p95": 3.0966086350000523,
    "results_end_to_end_latency_s_quantiles_p99": 3.1943570824301695,
    "results_end_to_end_latency_s_mean": 2.733053439129995,
    "results_end_to_end_latency_s_min": 0.484067960999937,
    "results_end_to_end_latency_s_max": 3.3093007250001847,
    "results_end_to_end_latency_s_stddev": 0.47230317110502235,
    "results_request_output_throughput_token_per_s_quantiles_p25": 52.405199078805566,
    "results_request_output_throughput_token_per_s_quantiles_p50": 54.18449488029263,
    "results_request_output_throughput_token_per_s_quantiles_p75": 56.28669460845831,
    "results_request_output_throughput_token_per_s_quantiles_p90": 57.884350146283744,
    "results_request_output_throughput_token_per_s_quantiles_p95": 59.14825640919205,
    "results_request_output_throughput_token_per_s_quantiles_p99": 64.12428496735986,
    "results_request_output_throughput_token_per_s_mean": 52.8150666898991,
    "results_request_output_throughput_token_per_s_min": 5.039242885603445,
    "results_request_output_throughput_token_per_s_max": 84.4742976092798,
    "results_request_output_throughput_token_per_s_stddev": 9.956962525145101,
    "results_number_input_tokens_quantiles_p25": 458.75,
    "results_number_input_tokens_quantiles_p50": 551.0,
    "results_number_input_tokens_quantiles_p75": 650.0,
    "results_number_input_tokens_quantiles_p90": 745.7000000000002,
    "results_number_input_tokens_quantiles_p95": 812.0,
    "results_number_input_tokens_quantiles_p99": 927.3999999999996,
    "results_number_input_tokens_mean": 553.52,
    "results_number_input_tokens_min": "89",
    "results_number_input_tokens_max": "1036",
    "results_number_input_tokens_stddev": 156.4813224667291,
    "results_number_output_tokens_quantiles_p25": 146.0,
    "results_number_output_tokens_quantiles_p50": 152.0,
    "results_number_output_tokens_quantiles_p75": 160.0,
    "results_number_output_tokens_quantiles_p90": 167.0,
    "results_number_output_tokens_quantiles_p95": 170.05,
    "results_number_output_tokens_quantiles_p99": 175.01999999999998,
    "results_number_output_tokens_mean": 147.89666666666668,
    "results_number_output_tokens_min": "3",
    "results_number_output_tokens_max": "183",
    "results_number_output_tokens_stddev": 30.19522856870951,
    "results_overall_test_time": 177.20785746299998,
    "results_num_requests_started": 300,
    "results_error_rate": 0.0,
    "results_number_errors": 0,
    "results_error_code_frequency": "{}",
    "results_mean_output_throughput_token_per_s": 250.37828815950783,
    "results_num_completed_requests": 300,
    "results_num_completed_requests_per_sec": 1.6929271889799713,
    "timestamp": 1734401815
}