{
    "version": "2023-08-31",
    "name": "dolphin-mixtral-8x7b_550_150_summary",
    "model": "dolphin-mixtral-8x7b",
    "mean_input_tokens": 550,
    "stddev_input_tokens": 150,
    "mean_output_tokens": 150,
    "stddev_output_tokens": 10,
    "num_concurrent_requests": 1,
    "additional_sampling_params_temperature": 0,
    "results_inter_token_latency_s_quantiles_p25": 0.011586643226847156,
    "results_inter_token_latency_s_quantiles_p50": 0.01207142596224815,
    "results_inter_token_latency_s_quantiles_p75": 0.017158313190934617,
    "results_inter_token_latency_s_quantiles_p90": 0.01878510637685346,
    "results_inter_token_latency_s_quantiles_p95": 0.022417672230080458,
    "results_inter_token_latency_s_quantiles_p99": 0.08565248600640175,
    "results_inter_token_latency_s_mean": 0.0162901246953114,
    "results_inter_token_latency_s_min": 0.010918990398818227,
    "results_inter_token_latency_s_max": 0.14306348500031163,
    "results_inter_token_latency_s_stddev": 0.014188925484800104,
    "results_ttft_s_quantiles_p25": 0.2276202472521618,
    "results_ttft_s_quantiles_p50": 0.2693522439985827,
    "results_ttft_s_quantiles_p75": 0.3182518582480043,
    "results_ttft_s_quantiles_p90": 0.367181704000177,
    "results_ttft_s_quantiles_p95": 0.4056314712004679,
    "results_ttft_s_quantiles_p99": 0.47194634164930876,
    "results_ttft_s_mean": 0.2774501371500689,
    "results_ttft_s_min": 0.11418568799854256,
    "results_ttft_s_max": 0.598897443000169,
    "results_ttft_s_stddev": 0.0699703612741084,
    "results_end_to_end_latency_s_quantiles_p25": 1.7638508087493392,
    "results_end_to_end_latency_s_quantiles_p50": 1.8907559964991378,
    "results_end_to_end_latency_s_quantiles_p75": 2.5198646114977237,
    "results_end_to_end_latency_s_quantiles_p90": 2.8708276212018973,
    "results_end_to_end_latency_s_quantiles_p95": 2.9809445008988416,
    "results_end_to_end_latency_s_quantiles_p99": 3.7337668881917487,
    "results_end_to_end_latency_s_mean": 2.089459374730019,
    "results_end_to_end_latency_s_min": 0.20330053300131112,
    "results_end_to_end_latency_s_max": 5.657793197999126,
    "results_end_to_end_latency_s_stddev": 0.6208072090799505,
    "results_request_output_throughput_token_per_s_quantiles_p25": 58.27281181358665,
    "results_request_output_throughput_token_per_s_quantiles_p50": 82.82598451841756,
    "results_request_output_throughput_token_per_s_quantiles_p75": 86.2945151528661,
    "results_request_output_throughput_token_per_s_quantiles_p90": 88.31403590549198,
    "results_request_output_throughput_token_per_s_quantiles_p95": 89.0528319259681,
    "results_request_output_throughput_token_per_s_quantiles_p99": 90.61474706314308,
    "results_request_output_throughput_token_per_s_mean": 72.9865531810843,
    "results_request_output_throughput_token_per_s_min": 6.98740469062648,
    "results_request_output_throughput_token_per_s_max": 91.57549032385018,
    "results_request_output_throughput_token_per_s_stddev": 17.89092043990607,
    "results_number_input_tokens_quantiles_p25": 458.75,
    "results_number_input_tokens_quantiles_p50": 551.0,
    "results_number_input_tokens_quantiles_p75": 650.0,
    "results_number_input_tokens_quantiles_p90": 745.7000000000002,
    "results_number_input_tokens_quantiles_p95": 812.0,
    "results_number_input_tokens_quantiles_p99": 927.3999999999996,
    "results_number_input_tokens_mean": 553.52,
    "results_number_input_tokens_min": "89",
    "results_number_input_tokens_max": "1036",
    "results_number_input_tokens_stddev": 156.4813224667291,
    "results_number_output_tokens_quantiles_p25": 146.0,
    "results_number_output_tokens_quantiles_p50": 152.0,
    "results_number_output_tokens_quantiles_p75": 160.0,
    "results_number_output_tokens_quantiles_p90": 167.0,
    "results_number_output_tokens_quantiles_p95": 170.05,
    "results_number_output_tokens_quantiles_p99": 177.01999999999998,
    "results_number_output_tokens_mean": 148.94333333333333,
    "results_number_output_tokens_min": "3",
    "results_number_output_tokens_max": "183",
    "results_number_output_tokens_stddev": 27.757552629548645,
    "results_overall_test_time": 628.6091791819999,
    "results_num_requests_started": 300,
    "results_error_rate": 0.0,
    "results_number_errors": 0,
    "results_error_code_frequency": "{}",
    "results_mean_output_throughput_token_per_s": 71.08232186196413,
    "results_num_completed_requests": 300,
    "results_num_completed_requests_per_sec": 0.47724406504910677,
    "timestamp": 1734074368
}