{
    "version": "2023-08-31",
    "name": "arn-aws-bedrock-us-east-1-274280642374-imported-model-nkoroisirgbv_550_150_summary",
    "model": "arn:aws:bedrock:us-east-1:274280642374:imported-model/nkoroisirgbv",
    "mean_input_tokens": 550,
    "stddev_input_tokens": 150,
    "mean_output_tokens": 150,
    "stddev_output_tokens": 10,
    "num_concurrent_requests": 10,
    "additional_sampling_params_temperature": 0,
    "results_inter_token_latency_s_quantiles_p25": 0.021157953344943713,
    "results_inter_token_latency_s_quantiles_p50": 0.02183666617866674,
    "results_inter_token_latency_s_quantiles_p75": 0.022216856609344728,
    "results_inter_token_latency_s_quantiles_p90": 0.02396862965754347,
    "results_inter_token_latency_s_quantiles_p95": 0.03084466036732224,
    "results_inter_token_latency_s_quantiles_p99": 0.1283519328610619,
    "results_inter_token_latency_s_mean": 0.025597735453571524,
    "results_inter_token_latency_s_min": 0.015313764156683883,
    "results_inter_token_latency_s_max": 0.3099509093335655,
    "results_inter_token_latency_s_stddev": 0.02377266141508255,
    "results_ttft_s_quantiles_p25": 0.8210800435003875,
    "results_ttft_s_quantiles_p50": 0.8664180829991892,
    "results_ttft_s_quantiles_p75": 0.900589325499368,
    "results_ttft_s_quantiles_p90": 0.9201783934004197,
    "results_ttft_s_quantiles_p95": 0.9464730389508077,
    "results_ttft_s_quantiles_p99": 1.003650017130929,
    "results_ttft_s_mean": 0.8407800160399832,
    "results_ttft_s_min": 0.46955710600013845,
    "results_ttft_s_max": 1.3236284719987452,
    "results_ttft_s_stddev": 0.10805498966321206,
    "results_end_to_end_latency_s_quantiles_p25": 10.820349567749872,
    "results_end_to_end_latency_s_quantiles_p50": 11.267768001999684,
    "results_end_to_end_latency_s_quantiles_p75": 11.379861392749262,
    "results_end_to_end_latency_s_quantiles_p90": 11.429622045599535,
    "results_end_to_end_latency_s_quantiles_p95": 11.467632629248964,
    "results_end_to_end_latency_s_quantiles_p99": 11.520149806369426,
    "results_end_to_end_latency_s_mean": 10.343419230276668,
    "results_end_to_end_latency_s_min": 0.88265332499941,
    "results_end_to_end_latency_s_max": 11.54297977799979,
    "results_end_to_end_latency_s_stddev": 2.54803104901724,
    "results_request_output_throughput_token_per_s_quantiles_p25": 45.00584879486992,
    "results_request_output_throughput_token_per_s_quantiles_p50": 45.78693766282681,
    "results_request_output_throughput_token_per_s_quantiles_p75": 47.25614385094213,
    "results_request_output_throughput_token_per_s_quantiles_p90": 49.02290192781119,
    "results_request_output_throughput_token_per_s_quantiles_p95": 50.070698910736674,
    "results_request_output_throughput_token_per_s_quantiles_p99": 53.874893127306414,
    "results_request_output_throughput_token_per_s_mean": 44.609848179153886,
    "results_request_output_throughput_token_per_s_min": 3.225867975505484,
    "results_request_output_throughput_token_per_s_max": 65.29042683715994,
    "results_request_output_throughput_token_per_s_stddev": 7.577234451094579,
    "results_number_input_tokens_quantiles_p25": 458.75,
    "results_number_input_tokens_quantiles_p50": 551.0,
    "results_number_input_tokens_quantiles_p75": 650.0,
    "results_number_input_tokens_quantiles_p90": 745.7000000000002,
    "results_number_input_tokens_quantiles_p95": 812.0,
    "results_number_input_tokens_quantiles_p99": 927.3999999999996,
    "results_number_input_tokens_mean": 553.52,
    "results_number_input_tokens_min": "89",
    "results_number_input_tokens_max": "1036",
    "results_number_input_tokens_stddev": 156.4813224667291,
    "results_number_output_tokens_quantiles_p25": 512.0,
    "results_number_output_tokens_quantiles_p50": 514.0,
    "results_number_output_tokens_quantiles_p75": 525.0,
    "results_number_output_tokens_quantiles_p90": 535.1,
    "results_number_output_tokens_quantiles_p95": 545.05,
    "results_number_output_tokens_quantiles_p99": 562.0,
    "results_number_output_tokens_mean": 476.86,
    "results_number_output_tokens_min": "3",
    "results_number_output_tokens_max": "589",
    "results_number_output_tokens_stddev": 127.12470005686737,
    "results_overall_test_time": 356.0774477949999,
    "results_num_requests_started": 300,
    "results_error_rate": 0.0,
    "results_number_errors": 0,
    "results_error_code_frequency": "{}",
    "results_mean_output_throughput_token_per_s": 401.7609115260819,
    "results_num_completed_requests": 300,
    "results_num_completed_requests_per_sec": 0.842513340448102,
    "timestamp": 1734341684
}