{
    "version": "2023-08-31",
    "name": "arn-aws-bedrock-us-east-1-274280642374-imported-model-nkoroisirgbv_550_150_summary",
    "model": "arn:aws:bedrock:us-east-1:274280642374:imported-model/nkoroisirgbv",
    "mean_input_tokens": 550,
    "stddev_input_tokens": 150,
    "mean_output_tokens": 150,
    "stddev_output_tokens": 10,
    "num_concurrent_requests": 5,
    "additional_sampling_params_temperature": 0,
    "results_inter_token_latency_s_quantiles_p25": 0.017662975806586795,
    "results_inter_token_latency_s_quantiles_p50": 0.018550901536391422,
    "results_inter_token_latency_s_quantiles_p75": 0.018827680747124376,
    "results_inter_token_latency_s_quantiles_p90": 0.020061466529800367,
    "results_inter_token_latency_s_quantiles_p95": 0.02157539308821561,
    "results_inter_token_latency_s_quantiles_p99": 0.08030105106003246,
    "results_inter_token_latency_s_mean": 0.020242844221730786,
    "results_inter_token_latency_s_min": 0.013226199654677036,
    "results_inter_token_latency_s_max": 0.17077404399969964,
    "results_inter_token_latency_s_stddev": 0.012845927857983394,
    "results_ttft_s_quantiles_p25": 0.4892847447499662,
    "results_ttft_s_quantiles_p50": 0.5166918849990907,
    "results_ttft_s_quantiles_p75": 0.5399139630007994,
    "results_ttft_s_quantiles_p90": 0.576284373202725,
    "results_ttft_s_quantiles_p95": 0.5987977754473832,
    "results_ttft_s_quantiles_p99": 0.62078235088802,
    "results_ttft_s_mean": 0.5064294282367519,
    "results_ttft_s_min": 0.2908506320018205,
    "results_ttft_s_max": 0.8066340410005068,
    "results_ttft_s_stddev": 0.0692582590841881,
    "results_end_to_end_latency_s_quantiles_p25": 8.969718771000771,
    "results_end_to_end_latency_s_quantiles_p50": 9.563570301999789,
    "results_end_to_end_latency_s_quantiles_p75": 9.636774776501625,
    "results_end_to_end_latency_s_quantiles_p90": 9.679210538399639,
    "results_end_to_end_latency_s_quantiles_p95": 9.724320092001744,
    "results_end_to_end_latency_s_quantiles_p99": 9.812352470317128,
    "results_end_to_end_latency_s_mean": 8.850570301733326,
    "results_end_to_end_latency_s_min": 0.5124392569996417,
    "results_end_to_end_latency_s_max": 9.836945767998259,
    "results_end_to_end_latency_s_stddev": 2.0126500084145054,
    "results_request_output_throughput_token_per_s_quantiles_p25": 53.10742589139963,
    "results_request_output_throughput_token_per_s_quantiles_p50": 53.89463483387158,
    "results_request_output_throughput_token_per_s_quantiles_p75": 56.605306852131925,
    "results_request_output_throughput_token_per_s_quantiles_p90": 58.99129367182044,
    "results_request_output_throughput_token_per_s_quantiles_p95": 60.22220010330167,
    "results_request_output_throughput_token_per_s_quantiles_p99": 61.71352195334357,
    "results_request_output_throughput_token_per_s_mean": 53.377860738718994,
    "results_request_output_throughput_token_per_s_min": 5.854352411571969,
    "results_request_output_throughput_token_per_s_max": 75.59626106997084,
    "results_request_output_throughput_token_per_s_stddev": 7.639602945945458,
    "results_number_input_tokens_quantiles_p25": 458.75,
    "results_number_input_tokens_quantiles_p50": 551.0,
    "results_number_input_tokens_quantiles_p75": 650.0,
    "results_number_input_tokens_quantiles_p90": 745.7000000000002,
    "results_number_input_tokens_quantiles_p95": 812.0,
    "results_number_input_tokens_quantiles_p99": 927.3999999999996,
    "results_number_input_tokens_mean": 553.52,
    "results_number_input_tokens_min": "89",
    "results_number_input_tokens_max": "1036",
    "results_number_input_tokens_stddev": 156.4813224667291,
    "results_number_output_tokens_quantiles_p25": 511.0,
    "results_number_output_tokens_quantiles_p50": 514.0,
    "results_number_output_tokens_quantiles_p75": 525.0,
    "results_number_output_tokens_quantiles_p90": 538.0,
    "results_number_output_tokens_quantiles_p95": 549.05,
    "results_number_output_tokens_quantiles_p99": 561.01,
    "results_number_output_tokens_mean": 483.55,
    "results_number_output_tokens_min": "3",
    "results_number_output_tokens_max": "582",
    "results_number_output_tokens_stddev": 115.79427972655344,
    "results_overall_test_time": 572.0565996209989,
    "results_num_requests_started": 300,
    "results_error_rate": 0.0,
    "results_number_errors": 0,
    "results_error_code_frequency": "{}",
    "results_mean_output_throughput_token_per_s": 253.58504752171203,
    "results_num_completed_requests": 300,
    "results_num_completed_requests_per_sec": 0.524423632554466,
    "timestamp": 1734342777
}