{
    "version": "2023-08-31",
    "name": "dolphin-mixtral-8x7b_550_150_summary",
    "model": "dolphin-mixtral-8x7b",
    "mean_input_tokens": 550,
    "stddev_input_tokens": 150,
    "mean_output_tokens": 150,
    "stddev_output_tokens": 10,
    "num_concurrent_requests": 10,
    "additional_sampling_params_temperature": 0,
    "results_inter_token_latency_s_quantiles_p25": 0.03727268983330543,
    "results_inter_token_latency_s_quantiles_p50": 0.039244319349881464,
    "results_inter_token_latency_s_quantiles_p75": 0.0507424269038966,
    "results_inter_token_latency_s_quantiles_p90": 0.06991000908662176,
    "results_inter_token_latency_s_quantiles_p95": 0.07743035965953987,
    "results_inter_token_latency_s_quantiles_p99": 0.44503815955343423,
    "results_inter_token_latency_s_mean": 0.05568525859638775,
    "results_inter_token_latency_s_min": 0.028177195176105795,
    "results_inter_token_latency_s_max": 0.7422600939999029,
    "results_inter_token_latency_s_stddev": 0.06817711563745517,
    "results_ttft_s_quantiles_p25": 0.8638933645000861,
    "results_ttft_s_quantiles_p50": 1.0813112060000094,
    "results_ttft_s_quantiles_p75": 1.7239844644999494,
    "results_ttft_s_quantiles_p90": 6.038067436699885,
    "results_ttft_s_quantiles_p95": 6.458062840399952,
    "results_ttft_s_quantiles_p99": 6.7294388685798765,
    "results_ttft_s_mean": 2.115423409326651,
    "results_ttft_s_min": 0.39853481599993756,
    "results_ttft_s_max": 7.223186072000317,
    "results_ttft_s_stddev": 2.0803098064574406,
    "results_end_to_end_latency_s_quantiles_p25": 5.540241004499762,
    "results_end_to_end_latency_s_quantiles_p50": 6.039712709500009,
    "results_end_to_end_latency_s_quantiles_p75": 7.446176961000106,
    "results_end_to_end_latency_s_quantiles_p90": 10.013891032200355,
    "results_end_to_end_latency_s_quantiles_p95": 11.594387030200277,
    "results_end_to_end_latency_s_quantiles_p99": 12.302200064219722,
    "results_end_to_end_latency_s_mean": 6.681608099549985,
    "results_end_to_end_latency_s_min": 0.8763915109998379,
    "results_end_to_end_latency_s_max": 13.65733066499979,
    "results_end_to_end_latency_s_stddev": 2.190247567257986,
    "results_request_output_throughput_token_per_s_quantiles_p25": 19.70699436282524,
    "results_request_output_throughput_token_per_s_quantiles_p50": 25.480579049016118,
    "results_request_output_throughput_token_per_s_quantiles_p75": 26.82859908891756,
    "results_request_output_throughput_token_per_s_quantiles_p90": 28.25775033421098,
    "results_request_output_throughput_token_per_s_quantiles_p95": 29.645014503831344,
    "results_request_output_throughput_token_per_s_quantiles_p99": 33.55834783524381,
    "results_request_output_throughput_token_per_s_mean": 23.178666976737595,
    "results_request_output_throughput_token_per_s_min": 1.347161852756422,
    "results_request_output_throughput_token_per_s_max": 35.48808479729937,
    "results_request_output_throughput_token_per_s_stddev": 6.186279504042371,
    "results_number_input_tokens_quantiles_p25": 458.75,
    "results_number_input_tokens_quantiles_p50": 551.0,
    "results_number_input_tokens_quantiles_p75": 650.0,
    "results_number_input_tokens_quantiles_p90": 745.7000000000002,
    "results_number_input_tokens_quantiles_p95": 812.0,
    "results_number_input_tokens_quantiles_p99": 927.3999999999996,
    "results_number_input_tokens_mean": 553.52,
    "results_number_input_tokens_min": "89",
    "results_number_input_tokens_max": "1036",
    "results_number_input_tokens_stddev": 156.4813224667291,
    "results_number_output_tokens_quantiles_p25": 146.0,
    "results_number_output_tokens_quantiles_p50": 152.0,
    "results_number_output_tokens_quantiles_p75": 160.0,
    "results_number_output_tokens_quantiles_p90": 167.10000000000002,
    "results_number_output_tokens_quantiles_p95": 170.05,
    "results_number_output_tokens_quantiles_p99": 175.01999999999998,
    "results_number_output_tokens_mean": 148.94333333333333,
    "results_number_output_tokens_min": "3",
    "results_number_output_tokens_max": "183",
    "results_number_output_tokens_stddev": 27.727896476875593,
    "results_overall_test_time": 300.901774164,
    "results_num_requests_started": 300,
    "results_error_rate": 0.0,
    "results_number_errors": 0,
    "results_error_code_frequency": "{}",
    "results_mean_output_throughput_token_per_s": 148.4969642473643,
    "results_num_completed_requests": 300,
    "results_num_completed_requests_per_sec": 0.9970030945596601,
    "timestamp": 1734402339
}