{
    "version": "2023-08-31",
    "name": "openai_gpt-4o_200_100_summary",
    "model": "gpt-4o",
    "mean_input_tokens": 200,
    "stddev_input_tokens": 150,
    "mean_output_tokens": 100,
    "stddev_output_tokens": 10,
    "num_concurrent_requests": 20,
    "results_inter_token_latency_s_quantiles_p25": 0.04780556163107427,
    "results_inter_token_latency_s_quantiles_p50": 0.05432114153960392,
    "results_inter_token_latency_s_quantiles_p75": 0.07749676827024371,
    "results_inter_token_latency_s_quantiles_p90": 0.10267485193345918,
    "results_inter_token_latency_s_quantiles_p95": 0.10490791409180185,
    "results_inter_token_latency_s_quantiles_p99": 0.10929293928153583,
    "results_inter_token_latency_s_mean": 0.062490236661741895,
    "results_inter_token_latency_s_min": 0.028187679552734442,
    "results_inter_token_latency_s_max": 0.11038919557896933,
    "results_inter_token_latency_s_stddev": 0.02495349144908752,
    "results_ttft_s_quantiles_p25": 2.57923802100413,
    "results_ttft_s_quantiles_p50": 3.104975333000766,
    "results_ttft_s_quantiles_p75": 3.4897256252443185,
    "results_ttft_s_quantiles_p90": 3.899882929392334,
    "results_ttft_s_quantiles_p95": 4.233379268099816,
    "results_ttft_s_quantiles_p99": 4.360160220021061,
    "results_ttft_s_mean": 3.005033710448333,
    "results_ttft_s_min": 1.0619265420100419,
    "results_ttft_s_max": 4.391855458001373,
    "results_ttft_s_stddev": 0.8294443023242231,
    "results_end_to_end_latency_s_quantiles_p25": 5.116269260252011,
    "results_end_to_end_latency_s_quantiles_p50": 6.433484041997872,
    "results_end_to_end_latency_s_quantiles_p75": 7.13967212449279,
    "results_end_to_end_latency_s_quantiles_p90": 10.583912233603769,
    "results_end_to_end_latency_s_quantiles_p95": 10.96968397885721,
    "results_end_to_end_latency_s_quantiles_p99": 11.028810395772888,
    "results_end_to_end_latency_s_mean": 6.487868414600234,
    "results_end_to_end_latency_s_min": 3.0533669169963105,
    "results_end_to_end_latency_s_max": 11.043592000001809,
    "results_end_to_end_latency_s_stddev": 2.275170819887517,
    "results_request_output_throughput_token_per_s_quantiles_p25": 13.526499549766875,
    "results_request_output_throughput_token_per_s_quantiles_p50": 17.814931982410656,
    "results_request_output_throughput_token_per_s_quantiles_p75": 19.51864763283372,
    "results_request_output_throughput_token_per_s_quantiles_p90": 25.98135504883691,
    "results_request_output_throughput_token_per_s_quantiles_p95": 35.470799060835894,
    "results_request_output_throughput_token_per_s_quantiles_p99": 35.65279766031066,
    "results_request_output_throughput_token_per_s_mean": 18.182595419524343,
    "results_request_output_throughput_token_per_s_min": 6.656097892563034,
    "results_request_output_throughput_token_per_s_max": 35.69829731017935,
    "results_request_output_throughput_token_per_s_stddev": 7.4555722022387725,
    "results_number_input_tokens_quantiles_p25": 130.25,
    "results_number_input_tokens_quantiles_p50": 209.5,
    "results_number_input_tokens_quantiles_p75": 308.5,
    "results_number_input_tokens_quantiles_p90": 410.0,
    "results_number_input_tokens_quantiles_p95": 420.35000000000014,
    "results_number_input_tokens_quantiles_p99": 577.6699999999997,
    "results_number_input_tokens_mean": 229.0,
    "results_number_input_tokens_min": "30",
    "results_number_input_tokens_max": "617",
    "results_number_input_tokens_stddev": 143.7669898426654,
    "results_number_output_tokens_quantiles_p25": 105.0,
    "results_number_output_tokens_quantiles_p50": 113.0,
    "results_number_output_tokens_quantiles_p75": 120.0,
    "results_number_output_tokens_quantiles_p90": 124.70000000000002,
    "results_number_output_tokens_quantiles_p95": 131.25,
    "results_number_output_tokens_quantiles_p99": 135.04999999999998,
    "results_number_output_tokens_mean": 107.35,
    "results_number_output_tokens_min": "35",
    "results_number_output_tokens_max": "136",
    "results_number_output_tokens_stddev": 24.724322139608958,
    "results_num_requests_started": 20,
    "results_error_rate": 0.0,
    "results_number_errors": 0,
    "results_error_code_frequency": "{}",
    "results_mean_output_throughput_token_per_s": 128.84155680291374,
    "results_num_completed_requests": 20,
    "results_num_completed_requests_per_min": 72.01204851583441,
    "timestamp": 1749182624
}