{
    "version": "2023-08-31",
    "name": "together_Qwen-Qwen2-5-72B-Instruct-Turbo_200_100_summary",
    "model": "Qwen/Qwen2.5-72B-Instruct-Turbo",
    "mean_input_tokens": 200,
    "stddev_input_tokens": 150,
    "mean_output_tokens": 100,
    "stddev_output_tokens": 10,
    "num_concurrent_requests": 20,
    "results_inter_token_latency_s_quantiles_p25": 0.021370428968521975,
    "results_inter_token_latency_s_quantiles_p50": 0.023898854405066207,
    "results_inter_token_latency_s_quantiles_p75": 0.024805318018594348,
    "results_inter_token_latency_s_quantiles_p90": 0.02608093576230697,
    "results_inter_token_latency_s_quantiles_p95": 0.02683365626893336,
    "results_inter_token_latency_s_quantiles_p99": 0.029795378799780822,
    "results_inter_token_latency_s_mean": 0.02322566561131016,
    "results_inter_token_latency_s_min": 0.017298626358672704,
    "results_inter_token_latency_s_max": 0.030535809432492695,
    "results_inter_token_latency_s_stddev": 0.0031282969037097342,
    "results_ttft_s_quantiles_p25": 1.0991078022525471,
    "results_ttft_s_quantiles_p50": 1.1818750005040783,
    "results_ttft_s_quantiles_p75": 1.3294619689986575,
    "results_ttft_s_quantiles_p90": 1.3780140914052026,
    "results_ttft_s_quantiles_p95": 1.3856243899077527,
    "results_ttft_s_quantiles_p99": 1.4351398779868032,
    "results_ttft_s_mean": 1.1922522417509753,
    "results_ttft_s_min": 0.8727252910030074,
    "results_ttft_s_max": 1.4475187500065658,
    "results_ttft_s_stddev": 0.16360400910289924,
    "results_end_to_end_latency_s_quantiles_p25": 1.883994593990792,
    "results_end_to_end_latency_s_quantiles_p50": 2.06310014599876,
    "results_end_to_end_latency_s_quantiles_p75": 2.214577228998678,
    "results_end_to_end_latency_s_quantiles_p90": 2.385591253892926,
    "results_end_to_end_latency_s_quantiles_p95": 2.4595622878521683,
    "results_end_to_end_latency_s_quantiles_p99": 2.6935187247721473,
    "results_end_to_end_latency_s_mean": 2.0554841771983776,
    "results_end_to_end_latency_s_min": 1.5704152500111377,
    "results_end_to_end_latency_s_max": 2.7520078340021428,
    "results_end_to_end_latency_s_stddev": 0.2918774177540112,
    "results_request_output_throughput_token_per_s_quantiles_p25": 47.19343591365029,
    "results_request_output_throughput_token_per_s_quantiles_p50": 49.951887469450725,
    "results_request_output_throughput_token_per_s_quantiles_p75": 55.33311016525055,
    "results_request_output_throughput_token_per_s_quantiles_p90": 61.14503427975871,
    "results_request_output_throughput_token_per_s_quantiles_p95": 61.96773086386329,
    "results_request_output_throughput_token_per_s_quantiles_p99": 67.17900408966203,
    "results_request_output_throughput_token_per_s_mean": 51.70016208323212,
    "results_request_output_throughput_token_per_s_min": 39.24407433206308,
    "results_request_output_throughput_token_per_s_max": 68.48182239611172,
    "results_request_output_throughput_token_per_s_stddev": 6.951885302851142,
    "results_number_input_tokens_quantiles_p25": 124.5,
    "results_number_input_tokens_quantiles_p50": 173.5,
    "results_number_input_tokens_quantiles_p75": 232.0,
    "results_number_input_tokens_quantiles_p90": 346.6,
    "results_number_input_tokens_quantiles_p95": 365.25000000000017,
    "results_number_input_tokens_quantiles_p99": 566.6499999999996,
    "results_number_input_tokens_mean": 206.35,
    "results_number_input_tokens_min": "30",
    "results_number_input_tokens_max": "617",
    "results_number_input_tokens_stddev": 125.8521584617192,
    "results_number_output_tokens_quantiles_p25": 93.75,
    "results_number_output_tokens_quantiles_p50": 107.0,
    "results_number_output_tokens_quantiles_p75": 116.0,
    "results_number_output_tokens_quantiles_p90": 124.1,
    "results_number_output_tokens_quantiles_p95": 125.55000000000001,
    "results_number_output_tokens_quantiles_p99": 133.91,
    "results_number_output_tokens_mean": 105.3,
    "results_number_output_tokens_min": "85",
    "results_number_output_tokens_max": "136",
    "results_number_output_tokens_stddev": 14.36772699306917,
    "results_num_requests_started": 20,
    "results_error_rate": 0.0,
    "results_number_errors": 0,
    "results_error_code_frequency": "{}",
    "results_mean_output_throughput_token_per_s": 169.17329585048222,
    "results_num_completed_requests": 20,
    "results_num_completed_requests_per_min": 96.39504037064515,
    "timestamp": 1749179494
}