{
    "version": "2023-08-31",
    "name": "together_mistralai-Mixtral-8x7B-Instruct-v0-1_200_100_summary",
    "model": "mistralai/Mixtral-8x7B-Instruct-v0.1",
    "mean_input_tokens": 200,
    "stddev_input_tokens": 150,
    "mean_output_tokens": 100,
    "stddev_output_tokens": 10,
    "num_concurrent_requests": 20,
    "results_inter_token_latency_s_quantiles_p25": 0.04567676925766369,
    "results_inter_token_latency_s_quantiles_p50": 0.08132592951929446,
    "results_inter_token_latency_s_quantiles_p75": 0.09760835366251407,
    "results_inter_token_latency_s_quantiles_p90": 0.16616982572476952,
    "results_inter_token_latency_s_quantiles_p95": 0.670860733852945,
    "results_inter_token_latency_s_quantiles_p99": 0.753230766850475,
    "results_inter_token_latency_s_mean": 0.12686183355895236,
    "results_inter_token_latency_s_min": 0.0,
    "results_inter_token_latency_s_max": 0.7738232750998577,
    "results_inter_token_latency_s_stddev": 0.20715206340952352,
    "results_ttft_s_quantiles_p25": 3.2369331562476873,
    "results_ttft_s_quantiles_p50": 6.028497312501713,
    "results_ttft_s_quantiles_p75": 7.689774864753417,
    "results_ttft_s_quantiles_p90": 9.025113491398224,
    "results_ttft_s_quantiles_p95": 9.131276077401708,
    "results_ttft_s_quantiles_p99": 9.679236615481203,
    "results_ttft_s_mean": 5.24371194584819,
    "results_ttft_s_min": 0.0,
    "results_ttft_s_max": 9.816226750001078,
    "results_ttft_s_stddev": 3.4198553453914005,
    "results_end_to_end_latency_s_quantiles_p25": 6.624209166751825,
    "results_end_to_end_latency_s_quantiles_p50": 7.930485833501734,
    "results_end_to_end_latency_s_quantiles_p75": 9.355887594239903,
    "results_end_to_end_latency_s_quantiles_p90": 10.047142607696879,
    "results_end_to_end_latency_s_quantiles_p95": 10.639517014238663,
    "results_end_to_end_latency_s_quantiles_p99": 10.718014469248738,
    "results_end_to_end_latency_s_mean": 7.993014514598326,
    "results_end_to_end_latency_s_min": 4.343893375000334,
    "results_end_to_end_latency_s_max": 10.737638833001256,
    "results_end_to_end_latency_s_stddev": 1.783130670165596,
    "results_request_output_throughput_token_per_s_quantiles_p25": 0.9118281220348624,
    "results_request_output_throughput_token_per_s_quantiles_p50": 10.290011080975923,
    "results_request_output_throughput_token_per_s_quantiles_p75": 12.945381462392836,
    "results_request_output_throughput_token_per_s_quantiles_p90": 15.40578323113351,
    "results_request_output_throughput_token_per_s_quantiles_p95": 15.63004441068748,
    "results_request_output_throughput_token_per_s_quantiles_p99": 16.289785648428847,
    "results_request_output_throughput_token_per_s_mean": 8.265642705515118,
    "results_request_output_throughput_token_per_s_min": 0.10232997682486243,
    "results_request_output_throughput_token_per_s_max": 16.45472095786419,
    "results_request_output_throughput_token_per_s_stddev": 6.185820725141686,
    "results_number_input_tokens_quantiles_p25": 132.75,
    "results_number_input_tokens_quantiles_p50": 224.5,
    "results_number_input_tokens_quantiles_p75": 308.5,
    "results_number_input_tokens_quantiles_p90": 430.7000000000003,
    "results_number_input_tokens_quantiles_p95": 617.0,
    "results_number_input_tokens_quantiles_p99": 617.0,
    "results_number_input_tokens_mean": 254.05,
    "results_number_input_tokens_min": "30",
    "results_number_input_tokens_max": "617",
    "results_number_input_tokens_stddev": 155.36695950318122,
    "results_number_output_tokens_quantiles_p25": 7.0,
    "results_number_output_tokens_quantiles_p50": 94.0,
    "results_number_output_tokens_quantiles_p75": 102.25,
    "results_number_output_tokens_quantiles_p90": 107.0,
    "results_number_output_tokens_quantiles_p95": 107.55000000000001,
    "results_number_output_tokens_quantiles_p99": 115.90999999999998,
    "results_number_output_tokens_mean": 65.65,
    "results_number_output_tokens_min": "1",
    "results_number_output_tokens_max": "118",
    "results_number_output_tokens_stddev": 46.98630819605576,
    "results_num_requests_started": 20,
    "results_error_rate": 0.0,
    "results_number_errors": 0,
    "results_error_code_frequency": "{}",
    "results_mean_output_throughput_token_per_s": 55.36524338793383,
    "results_num_completed_requests": 20,
    "results_num_completed_requests_per_min": 50.600374764295964,
    "timestamp": 1749202908
}