{
    "version": "2023-08-31",
    "name": "together_google-gemma-2-27b-it_200_100_summary",
    "model": "google/gemma-2-27b-it",
    "mean_input_tokens": 200,
    "stddev_input_tokens": 150,
    "mean_output_tokens": 100,
    "stddev_output_tokens": 10,
    "num_concurrent_requests": 1,
    "results_inter_token_latency_s_quantiles_p25": 0.09670984907425009,
    "results_inter_token_latency_s_quantiles_p50": 0.09670984907425009,
    "results_inter_token_latency_s_quantiles_p75": 0.09670984907425009,
    "results_inter_token_latency_s_quantiles_p90": 0.09670984907425009,
    "results_inter_token_latency_s_quantiles_p95": 0.09670984907425009,
    "results_inter_token_latency_s_quantiles_p99": 0.09670984907425009,
    "results_inter_token_latency_s_mean": 0.09670984907425009,
    "results_inter_token_latency_s_min": 0.09670984907425009,
    "results_inter_token_latency_s_max": 0.09670984907425009,
    "results_inter_token_latency_s_stddev": NaN,
    "results_ttft_s_quantiles_p25": 2.1776680829934776,
    "results_ttft_s_quantiles_p50": 2.1776680829934776,
    "results_ttft_s_quantiles_p75": 2.1776680829934776,
    "results_ttft_s_quantiles_p90": 2.1776680829934776,
    "results_ttft_s_quantiles_p95": 2.1776680829934776,
    "results_ttft_s_quantiles_p99": 2.1776680829934776,
    "results_ttft_s_mean": 2.1776680829934776,
    "results_ttft_s_min": 2.1776680829934776,
    "results_ttft_s_max": 2.1776680829934776,
    "results_ttft_s_stddev": NaN,
    "results_end_to_end_latency_s_quantiles_p25": 9.199452624990954,
    "results_end_to_end_latency_s_quantiles_p50": 9.199452624990954,
    "results_end_to_end_latency_s_quantiles_p75": 9.199452624990954,
    "results_end_to_end_latency_s_quantiles_p90": 9.199452624990954,
    "results_end_to_end_latency_s_quantiles_p95": 9.199452624990954,
    "results_end_to_end_latency_s_quantiles_p99": 9.199452624990954,
    "results_end_to_end_latency_s_mean": 9.199452624990954,
    "results_end_to_end_latency_s_min": 9.199452624990954,
    "results_end_to_end_latency_s_max": 9.199452624990954,
    "results_end_to_end_latency_s_stddev": NaN,
    "results_request_output_throughput_token_per_s_quantiles_p25": 11.413722563749085,
    "results_request_output_throughput_token_per_s_quantiles_p50": 11.413722563749085,
    "results_request_output_throughput_token_per_s_quantiles_p75": 11.413722563749085,
    "results_request_output_throughput_token_per_s_quantiles_p90": 11.413722563749085,
    "results_request_output_throughput_token_per_s_quantiles_p95": 11.413722563749085,
    "results_request_output_throughput_token_per_s_quantiles_p99": 11.413722563749085,
    "results_request_output_throughput_token_per_s_mean": 11.413722563749085,
    "results_request_output_throughput_token_per_s_min": 11.413722563749085,
    "results_request_output_throughput_token_per_s_max": 11.413722563749085,
    "results_request_output_throughput_token_per_s_stddev": NaN,
    "results_number_input_tokens_quantiles_p25": 188.0,
    "results_number_input_tokens_quantiles_p50": 188.0,
    "results_number_input_tokens_quantiles_p75": 188.0,
    "results_number_input_tokens_quantiles_p90": 188.0,
    "results_number_input_tokens_quantiles_p95": 188.0,
    "results_number_input_tokens_quantiles_p99": 188.0,
    "results_number_input_tokens_mean": 188.0,
    "results_number_input_tokens_min": "188",
    "results_number_input_tokens_max": "188",
    "results_number_input_tokens_stddev": NaN,
    "results_number_output_tokens_quantiles_p25": 105.0,
    "results_number_output_tokens_quantiles_p50": 105.0,
    "results_number_output_tokens_quantiles_p75": 105.0,
    "results_number_output_tokens_quantiles_p90": 105.0,
    "results_number_output_tokens_quantiles_p95": 105.0,
    "results_number_output_tokens_quantiles_p99": 105.0,
    "results_number_output_tokens_mean": 105.0,
    "results_number_output_tokens_min": "105",
    "results_number_output_tokens_max": "105",
    "results_number_output_tokens_stddev": NaN,
    "results_num_requests_started": 1,
    "results_error_rate": 0.0,
    "results_number_errors": 0,
    "results_error_code_frequency": "{}",
    "results_mean_output_throughput_token_per_s": 6.740834931975497,
    "results_num_completed_requests": 1,
    "results_num_completed_requests_per_min": 3.85190567541457,
    "timestamp": 1749201148
}