{
    "version": "2023-08-31",
    "name": "together_meta-llama-Llama-3-3-70B-Instruct-Turbo_200_100_summary",
    "model": "meta-llama/Llama-3.3-70B-Instruct-Turbo",
    "mean_input_tokens": 200,
    "stddev_input_tokens": 150,
    "mean_output_tokens": 100,
    "stddev_output_tokens": 10,
    "num_concurrent_requests": 20,
    "results_inter_token_latency_s_quantiles_p25": 0.01677192762064439,
    "results_inter_token_latency_s_quantiles_p50": 0.018063907799542325,
    "results_inter_token_latency_s_quantiles_p75": 0.019432749671273085,
    "results_inter_token_latency_s_quantiles_p90": 0.023280634102867674,
    "results_inter_token_latency_s_quantiles_p95": 0.023869108271356704,
    "results_inter_token_latency_s_quantiles_p99": 0.02429073884237993,
    "results_inter_token_latency_s_mean": 0.01865326123537515,
    "results_inter_token_latency_s_min": 0.015094851924716393,
    "results_inter_token_latency_s_max": 0.024396146485135734,
    "results_inter_token_latency_s_stddev": 0.002694213320818801,
    "results_ttft_s_quantiles_p25": 0.9785618437490484,
    "results_ttft_s_quantiles_p50": 1.055356312499498,
    "results_ttft_s_quantiles_p75": 1.1718181247488246,
    "results_ttft_s_quantiles_p90": 1.2292503378033872,
    "results_ttft_s_quantiles_p95": 1.327346718753688,
    "results_ttft_s_quantiles_p99": 1.435682343749795,
    "results_ttft_s_mean": 1.0888405291494565,
    "results_ttft_s_min": 0.8759897910058498,
    "results_ttft_s_max": 1.4627662499988219,
    "results_ttft_s_stddev": 0.14790581502538627,
    "results_end_to_end_latency_s_quantiles_p25": 1.6281692294978711,
    "results_end_to_end_latency_s_quantiles_p50": 1.716012145501736,
    "results_end_to_end_latency_s_quantiles_p75": 1.7905654379974294,
    "results_end_to_end_latency_s_quantiles_p90": 1.8595855795021636,
    "results_end_to_end_latency_s_quantiles_p95": 1.942063519099611,
    "results_end_to_end_latency_s_quantiles_p99": 1.9571016710152616,
    "results_end_to_end_latency_s_mean": 1.708692218849319,
    "results_end_to_end_latency_s_min": 1.3888182090013288,
    "results_end_to_end_latency_s_max": 1.9608612089941744,
    "results_end_to_end_latency_s_stddev": 0.1408261896742033,
    "results_request_output_throughput_token_per_s_quantiles_p25": 59.37577096467405,
    "results_request_output_throughput_token_per_s_quantiles_p50": 66.84918831506624,
    "results_request_output_throughput_token_per_s_quantiles_p75": 70.10123070293403,
    "results_request_output_throughput_token_per_s_quantiles_p90": 76.21178493654861,
    "results_request_output_throughput_token_per_s_quantiles_p95": 78.4344182892278,
    "results_request_output_throughput_token_per_s_quantiles_p99": 79.05010818186662,
    "results_request_output_throughput_token_per_s_mean": 64.29720624777681,
    "results_request_output_throughput_token_per_s_min": 45.96666405231066,
    "results_request_output_throughput_token_per_s_max": 79.20403065502632,
    "results_request_output_throughput_token_per_s_stddev": 10.149617002711492,
    "results_number_input_tokens_quantiles_p25": 152.5,
    "results_number_input_tokens_quantiles_p50": 224.5,
    "results_number_input_tokens_quantiles_p75": 293.75,
    "results_number_input_tokens_quantiles_p90": 357.80000000000007,
    "results_number_input_tokens_quantiles_p95": 420.35000000000014,
    "results_number_input_tokens_quantiles_p99": 577.6699999999997,
    "results_number_input_tokens_mean": 242.65,
    "results_number_input_tokens_min": "122",
    "results_number_input_tokens_max": "617",
    "results_number_input_tokens_stddev": 121.17897811436646,
    "results_number_output_tokens_quantiles_p25": 99.25,
    "results_number_output_tokens_quantiles_p50": 112.0,
    "results_number_output_tokens_quantiles_p75": 117.5,
    "results_number_output_tokens_quantiles_p90": 136.0,
    "results_number_output_tokens_quantiles_p95": 136.25,
    "results_number_output_tokens_quantiles_p99": 140.04999999999998,
    "results_number_output_tokens_mean": 109.85,
    "results_number_output_tokens_min": "75",
    "results_number_output_tokens_max": "141",
    "results_number_output_tokens_stddev": 19.421298671954542,
    "results_num_requests_started": 20,
    "results_error_rate": 0.0,
    "results_number_errors": 0,
    "results_error_code_frequency": "{}",
    "results_mean_output_throughput_token_per_s": 410.69535828072196,
    "results_num_completed_requests": 20,
    "results_num_completed_requests_per_min": 224.32154298446352,
    "timestamp": 1749179533
}