{
    "version": "2023-08-31",
    "name": "together_mistralai-Mistral-7B-Instruct-v0-2_200_100_summary",
    "model": "mistralai/Mistral-7B-Instruct-v0.2",
    "mean_input_tokens": 200,
    "stddev_input_tokens": 150,
    "mean_output_tokens": 100,
    "stddev_output_tokens": 10,
    "num_concurrent_requests": 20,
    "results_inter_token_latency_s_quantiles_p25": 0.07437314812919721,
    "results_inter_token_latency_s_quantiles_p50": 0.089035276589962,
    "results_inter_token_latency_s_quantiles_p75": 0.09930253391516042,
    "results_inter_token_latency_s_quantiles_p90": 0.10810706067422872,
    "results_inter_token_latency_s_quantiles_p95": 0.11443514355323285,
    "results_inter_token_latency_s_quantiles_p99": 0.1199743308434366,
    "results_inter_token_latency_s_mean": 0.08710757736932594,
    "results_inter_token_latency_s_min": 0.04828718717260265,
    "results_inter_token_latency_s_max": 0.12135912766598755,
    "results_inter_token_latency_s_stddev": 0.018533408831941597,
    "results_ttft_s_quantiles_p25": 6.427829479245702,
    "results_ttft_s_quantiles_p50": 7.829387249497813,
    "results_ttft_s_quantiles_p75": 9.184868489501241,
    "results_ttft_s_quantiles_p90": 10.424499137797103,
    "results_ttft_s_quantiles_p95": 10.517392018756073,
    "results_ttft_s_quantiles_p99": 10.857437203743903,
    "results_ttft_s_mean": 7.8777387374982935,
    "results_ttft_s_min": 4.94325787499838,
    "results_ttft_s_max": 10.94244849999086,
    "results_ttft_s_stddev": 1.8146071477372183,
    "results_end_to_end_latency_s_quantiles_p25": 6.6363042919947475,
    "results_end_to_end_latency_s_quantiles_p50": 8.332348895499308,
    "results_end_to_end_latency_s_quantiles_p75": 9.716587979259202,
    "results_end_to_end_latency_s_quantiles_p90": 10.843510096508544,
    "results_end_to_end_latency_s_quantiles_p95": 10.920983742307,
    "results_end_to_end_latency_s_quantiles_p99": 11.21351964845584,
    "results_end_to_end_latency_s_mean": 8.329466266699455,
    "results_end_to_end_latency_s_min": 5.311783957993612,
    "results_end_to_end_latency_s_max": 11.28665362499305,
    "results_end_to_end_latency_s_stddev": 1.867868819286809,
    "results_request_output_throughput_token_per_s_quantiles_p25": 10.418411550568093,
    "results_request_output_throughput_token_per_s_quantiles_p50": 11.994197906397044,
    "results_request_output_throughput_token_per_s_quantiles_p75": 14.445828703906402,
    "results_request_output_throughput_token_per_s_quantiles_p90": 16.543357733152426,
    "results_request_output_throughput_token_per_s_quantiles_p95": 16.915629800291832,
    "results_request_output_throughput_token_per_s_quantiles_p99": 20.853716016784382,
    "results_request_output_throughput_token_per_s_mean": 12.604446094839801,
    "results_request_output_throughput_token_per_s_min": 8.594221389518342,
    "results_request_output_throughput_token_per_s_max": 21.83823757090753,
    "results_request_output_throughput_token_per_s_stddev": 3.188003667064646,
    "results_number_input_tokens_quantiles_p25": 132.75,
    "results_number_input_tokens_quantiles_p50": 214.0,
    "results_number_input_tokens_quantiles_p75": 293.75,
    "results_number_input_tokens_quantiles_p90": 357.80000000000007,
    "results_number_input_tokens_quantiles_p95": 420.35000000000014,
    "results_number_input_tokens_quantiles_p99": 577.6699999999997,
    "results_number_input_tokens_mean": 232.6,
    "results_number_input_tokens_min": "30",
    "results_number_input_tokens_max": "617",
    "results_number_input_tokens_stddev": 130.195561408699,
    "results_number_output_tokens_quantiles_p25": 94.25,
    "results_number_output_tokens_quantiles_p50": 97.5,
    "results_number_output_tokens_quantiles_p75": 108.0,
    "results_number_output_tokens_quantiles_p90": 113.30000000000001,
    "results_number_output_tokens_quantiles_p95": 116.0,
    "results_number_output_tokens_quantiles_p99": 116.0,
    "results_number_output_tokens_mean": 100.05,
    "results_number_output_tokens_min": "84",
    "results_number_output_tokens_max": "116",
    "results_number_output_tokens_stddev": 9.366654179925499,
    "results_num_requests_started": 20,
    "results_error_rate": 0.0,
    "results_number_errors": 0,
    "results_error_code_frequency": "{}",
    "results_mean_output_throughput_token_per_s": 114.77791983747372,
    "results_num_completed_requests": 20,
    "results_num_completed_requests_per_min": 68.83233573461692,
    "timestamp": 1749192025
}