{
    "version": "2023-08-31",
    "name": "together_google-gemma-2-27b-it_200_100_summary",
    "model": "google/gemma-2-27b-it",
    "mean_input_tokens": 200,
    "stddev_input_tokens": 150,
    "mean_output_tokens": 100,
    "stddev_output_tokens": 10,
    "num_concurrent_requests": 10,
    "results_inter_token_latency_s_quantiles_p25": 0.24229300295279327,
    "results_inter_token_latency_s_quantiles_p50": 0.38427488205464044,
    "results_inter_token_latency_s_quantiles_p75": 0.4790621360563144,
    "results_inter_token_latency_s_quantiles_p90": 0.6758471084960487,
    "results_inter_token_latency_s_quantiles_p95": 0.882245578747965,
    "results_inter_token_latency_s_quantiles_p99": 1.047364354949499,
    "results_inter_token_latency_s_mean": 0.4346587887199741,
    "results_inter_token_latency_s_min": 0.1804964812752587,
    "results_inter_token_latency_s_max": 1.0886440489998823,
    "results_inter_token_latency_s_stddev": 0.2713579803731761,
    "results_ttft_s_quantiles_p25": 5.636627270752797,
    "results_ttft_s_quantiles_p50": 16.32398258348985,
    "results_ttft_s_quantiles_p75": 29.595332271492225,
    "results_ttft_s_quantiles_p90": 48.10563024940784,
    "results_ttft_s_quantiles_p95": 53.53003356220723,
    "results_ttft_s_quantiles_p99": 57.86955621244677,
    "results_ttft_s_mean": 21.68572365839791,
    "results_ttft_s_min": 4.119628499989631,
    "results_ttft_s_max": 58.95443687500665,
    "results_ttft_s_stddev": 19.01885457189027,
    "results_end_to_end_latency_s_quantiles_p25": 36.48844880199613,
    "results_end_to_end_latency_s_quantiles_p50": 43.79899920850585,
    "results_end_to_end_latency_s_quantiles_p75": 48.004569406752125,
    "results_end_to_end_latency_s_quantiles_p90": 59.480149211920796,
    "results_end_to_end_latency_s_quantiles_p95": 63.491863418460696,
    "results_end_to_end_latency_s_quantiles_p99": 66.70123478369264,
    "results_end_to_end_latency_s_mean": 43.68710834580124,
    "results_end_to_end_latency_s_min": 20.0359142080124,
    "results_end_to_end_latency_s_max": 67.50357762500062,
    "results_end_to_end_latency_s_stddev": 13.059131712753544,
    "results_request_output_throughput_token_per_s_quantiles_p25": 2.299636700582801,
    "results_request_output_throughput_token_per_s_quantiles_p50": 2.4000370983157593,
    "results_request_output_throughput_token_per_s_quantiles_p75": 2.5200642998291976,
    "results_request_output_throughput_token_per_s_quantiles_p90": 2.8434889112862454,
    "results_request_output_throughput_token_per_s_quantiles_p95": 4.0420391651805145,
    "results_request_output_throughput_token_per_s_quantiles_p99": 5.0008793682959345,
    "results_request_output_throughput_token_per_s_mean": 2.5231202040856178,
    "results_request_output_throughput_token_per_s_min": 1.0814241639981423,
    "results_request_output_throughput_token_per_s_max": 5.240589419074788,
    "results_request_output_throughput_token_per_s_stddev": 1.0533384781895487,
    "results_number_input_tokens_quantiles_p25": 164.5,
    "results_number_input_tokens_quantiles_p50": 199.0,
    "results_number_input_tokens_quantiles_p75": 227.75,
    "results_number_input_tokens_quantiles_p90": 269.59999999999985,
    "results_number_input_tokens_quantiles_p95": 443.2999999999996,
    "results_number_input_tokens_quantiles_p99": 582.2600000000001,
    "results_number_input_tokens_mean": 229.0,
    "results_number_input_tokens_min": "122",
    "results_number_input_tokens_max": "617",
    "results_number_input_tokens_stddev": 141.6505873227813,
    "results_number_output_tokens_quantiles_p25": 91.0,
    "results_number_output_tokens_quantiles_p50": 101.5,
    "results_number_output_tokens_quantiles_p75": 109.5,
    "results_number_output_tokens_quantiles_p90": 113.3,
    "results_number_output_tokens_quantiles_p95": 114.64999999999999,
    "results_number_output_tokens_quantiles_p99": 115.73,
    "results_number_output_tokens_mean": 99.4,
    "results_number_output_tokens_min": "73",
    "results_number_output_tokens_max": "116",
    "results_number_output_tokens_stddev": 13.175735273600482,
    "results_num_requests_started": 10,
    "results_error_rate": 0.0,
    "results_number_errors": 0,
    "results_error_code_frequency": "{}",
    "results_mean_output_throughput_token_per_s": 7.615341858131423,
    "results_num_completed_requests": 10,
    "results_num_completed_requests_per_min": 4.5967858298580015,
    "timestamp": 1749449469
}