{
    "version": "2023-08-31",
    "name": "together_deepseek-ai-DeepSeek-V3_200_100_summary",
    "model": "deepseek-ai/DeepSeek-V3",
    "mean_input_tokens": 200,
    "stddev_input_tokens": 150,
    "mean_output_tokens": 100,
    "stddev_output_tokens": 10,
    "num_concurrent_requests": 20,
    "results_inter_token_latency_s_quantiles_p25": 0.027948802450472703,
    "results_inter_token_latency_s_quantiles_p50": 0.03416583769194338,
    "results_inter_token_latency_s_quantiles_p75": 0.03912513878171238,
    "results_inter_token_latency_s_quantiles_p90": 0.04639614371402786,
    "results_inter_token_latency_s_quantiles_p95": 0.04729550647170568,
    "results_inter_token_latency_s_quantiles_p99": 0.049751354276455786,
    "results_inter_token_latency_s_mean": 0.034912433409687645,
    "results_inter_token_latency_s_min": 0.02607758495087539,
    "results_inter_token_latency_s_max": 0.050365316227643314,
    "results_inter_token_latency_s_stddev": 0.0077546669772678945,
    "results_ttft_s_quantiles_p25": 1.1421425417538558,
    "results_ttft_s_quantiles_p50": 1.3094474584941054,
    "results_ttft_s_quantiles_p75": 1.4937516975041945,
    "results_ttft_s_quantiles_p90": 1.6110314792036664,
    "results_ttft_s_quantiles_p95": 1.8085430503029787,
    "results_ttft_s_quantiles_p99": 2.046421276461769,
    "results_ttft_s_mean": 1.3545342790996073,
    "results_ttft_s_min": 1.0587849159928737,
    "results_ttft_s_max": 2.1058908330014674,
    "results_ttft_s_stddev": 0.2724282521997381,
    "results_end_to_end_latency_s_quantiles_p25": 2.814943551991746,
    "results_end_to_end_latency_s_quantiles_p50": 3.2199656665034126,
    "results_end_to_end_latency_s_quantiles_p75": 3.647454406498582,
    "results_end_to_end_latency_s_quantiles_p90": 4.196162212501804,
    "results_end_to_end_latency_s_quantiles_p95": 4.44689342499114,
    "results_end_to_end_latency_s_quantiles_p99": 4.486163384997489,
    "results_end_to_end_latency_s_mean": 3.328758231298707,
    "results_end_to_end_latency_s_min": 2.4399556669959566,
    "results_end_to_end_latency_s_max": 4.495980874999077,
    "results_end_to_end_latency_s_stddev": 0.6251449475572839,
    "results_request_output_throughput_token_per_s_quantiles_p25": 30.700164684456862,
    "results_request_output_throughput_token_per_s_quantiles_p50": 35.441314707573284,
    "results_request_output_throughput_token_per_s_quantiles_p75": 43.50639290999184,
    "results_request_output_throughput_token_per_s_quantiles_p90": 44.80322993086673,
    "results_request_output_throughput_token_per_s_quantiles_p95": 46.009780279448634,
    "results_request_output_throughput_token_per_s_quantiles_p99": 46.52606908911769,
    "results_request_output_throughput_token_per_s_mean": 36.171788820287624,
    "results_request_output_throughput_token_per_s_min": 23.828082219770284,
    "results_request_output_throughput_token_per_s_max": 46.65514129153496,
    "results_request_output_throughput_token_per_s_stddev": 7.7964786724303226,
    "results_number_input_tokens_quantiles_p25": 132.75,
    "results_number_input_tokens_quantiles_p50": 199.0,
    "results_number_input_tokens_quantiles_p75": 261.5,
    "results_number_input_tokens_quantiles_p90": 346.6,
    "results_number_input_tokens_quantiles_p95": 365.25000000000017,
    "results_number_input_tokens_quantiles_p99": 566.6499999999996,
    "results_number_input_tokens_mean": 221.3,
    "results_number_input_tokens_min": "30",
    "results_number_input_tokens_max": "617",
    "results_number_input_tokens_stddev": 123.5501602802002,
    "results_number_output_tokens_quantiles_p25": 108.0,
    "results_number_output_tokens_quantiles_p50": 112.5,
    "results_number_output_tokens_quantiles_p75": 125.5,
    "results_number_output_tokens_quantiles_p90": 135.4,
    "results_number_output_tokens_quantiles_p95": 139.0,
    "results_number_output_tokens_quantiles_p99": 139.0,
    "results_number_output_tokens_mean": 116.4,
    "results_number_output_tokens_min": "91",
    "results_number_output_tokens_max": "139",
    "results_number_output_tokens_stddev": 13.299782348832473,
    "results_num_requests_started": 20,
    "results_error_rate": 0.0,
    "results_number_errors": 0,
    "results_error_code_frequency": "{}",
    "results_mean_output_throughput_token_per_s": 242.8099895192502,
    "results_num_completed_requests": 20,
    "results_num_completed_requests_per_min": 125.15978841198464,
    "timestamp": 1749179505
}