{
    "version": "2023-08-31",
    "name": "together_Qwen-Qwen2-5-7B-Instruct-Turbo_200_100_summary",
    "model": "Qwen/Qwen2.5-7B-Instruct-Turbo",
    "mean_input_tokens": 200,
    "stddev_input_tokens": 150,
    "mean_output_tokens": 100,
    "stddev_output_tokens": 10,
    "num_concurrent_requests": 20,
    "results_inter_token_latency_s_quantiles_p25": 0.017975711925932305,
    "results_inter_token_latency_s_quantiles_p50": 0.01882608941537242,
    "results_inter_token_latency_s_quantiles_p75": 0.022798824158829195,
    "results_inter_token_latency_s_quantiles_p90": 0.02601059701986656,
    "results_inter_token_latency_s_quantiles_p95": 0.02784456993455912,
    "results_inter_token_latency_s_quantiles_p99": 0.028252352777202505,
    "results_inter_token_latency_s_mean": 0.020065234919714382,
    "results_inter_token_latency_s_min": 0.01304908831448034,
    "results_inter_token_latency_s_max": 0.02835429848786335,
    "results_inter_token_latency_s_stddev": 0.00439075019107387,
    "results_ttft_s_quantiles_p25": 0.9222721664991695,
    "results_ttft_s_quantiles_p50": 1.0109174375029397,
    "results_ttft_s_quantiles_p75": 1.063710729496961,
    "results_ttft_s_quantiles_p90": 1.0851727499990376,
    "results_ttft_s_quantiles_p95": 1.107269377101329,
    "results_ttft_s_quantiles_p99": 1.1132278090232284,
    "results_ttft_s_mean": 0.9783702103501127,
    "results_ttft_s_min": 0.7719406249962049,
    "results_ttft_s_max": 1.1147174170037033,
    "results_ttft_s_stddev": 0.10518247148755967,
    "results_end_to_end_latency_s_quantiles_p25": 1.5147219477439648,
    "results_end_to_end_latency_s_quantiles_p50": 1.5735280204971787,
    "results_end_to_end_latency_s_quantiles_p75": 1.7285443642540486,
    "results_end_to_end_latency_s_quantiles_p90": 1.8106739963972358,
    "results_end_to_end_latency_s_quantiles_p95": 1.8149557663571614,
    "results_end_to_end_latency_s_quantiles_p99": 1.818781353262748,
    "results_end_to_end_latency_s_mean": 1.5795092499494785,
    "results_end_to_end_latency_s_min": 1.202087625002605,
    "results_end_to_end_latency_s_max": 1.8197377499891445,
    "results_end_to_end_latency_s_stddev": 0.186910208253656,
    "results_request_output_throughput_token_per_s_quantiles_p25": 49.20041148551392,
    "results_request_output_throughput_token_per_s_quantiles_p50": 58.42850447953563,
    "results_request_output_throughput_token_per_s_quantiles_p75": 68.20656312893618,
    "results_request_output_throughput_token_per_s_quantiles_p90": 80.04262331532269,
    "results_request_output_throughput_token_per_s_quantiles_p95": 88.25667300222555,
    "results_request_output_throughput_token_per_s_quantiles_p99": 92.68740117421179,
    "results_request_output_throughput_token_per_s_mean": 59.89234415886682,
    "results_request_output_throughput_token_per_s_min": 39.3647526813588,
    "results_request_output_throughput_token_per_s_max": 93.79508321720836,
    "results_request_output_throughput_token_per_s_stddev": 15.602920310181304,
    "results_number_input_tokens_quantiles_p25": 132.0,
    "results_number_input_tokens_quantiles_p50": 188.0,
    "results_number_input_tokens_quantiles_p75": 239.0,
    "results_number_input_tokens_quantiles_p90": 346.6,
    "results_number_input_tokens_quantiles_p95": 365.25000000000017,
    "results_number_input_tokens_quantiles_p99": 566.6499999999996,
    "results_number_input_tokens_mean": 213.45,
    "results_number_input_tokens_min": "30",
    "results_number_input_tokens_max": "617",
    "results_number_input_tokens_stddev": 123.91061081959127,
    "results_number_output_tokens_quantiles_p25": 76.5,
    "results_number_output_tokens_quantiles_p50": 96.0,
    "results_number_output_tokens_quantiles_p75": 113.75,
    "results_number_output_tokens_quantiles_p90": 126.00000000000001,
    "results_number_output_tokens_quantiles_p95": 135.25,
    "results_number_output_tokens_quantiles_p99": 139.04999999999998,
    "results_number_output_tokens_mean": 94.95,
    "results_number_output_tokens_min": "48",
    "results_number_output_tokens_max": "140",
    "results_number_output_tokens_stddev": 26.47436694735415,
    "results_num_requests_started": 20,
    "results_error_rate": 0.0,
    "results_number_errors": 0,
    "results_error_code_frequency": "{}",
    "results_mean_output_throughput_token_per_s": 339.32771095904513,
    "results_num_completed_requests": 20,
    "results_num_completed_requests_per_min": 214.4250938129827,
    "timestamp": 1749179527
}