{
    "version": "2023-08-31",
    "name": "together_meta-llama-Meta-Llama-3-1-8B-Instruct-Turbo_200_100_summary",
    "model": "meta-llama/Meta-Llama-3.1-8B-Instruct-Turbo",
    "mean_input_tokens": 200,
    "stddev_input_tokens": 150,
    "mean_output_tokens": 100,
    "stddev_output_tokens": 10,
    "num_concurrent_requests": 20,
    "results_inter_token_latency_s_quantiles_p25": 0.012906509524424408,
    "results_inter_token_latency_s_quantiles_p50": 0.014152823941015052,
    "results_inter_token_latency_s_quantiles_p75": 0.016410308594334077,
    "results_inter_token_latency_s_quantiles_p90": 0.017845437868313167,
    "results_inter_token_latency_s_quantiles_p95": 0.018058371317577742,
    "results_inter_token_latency_s_quantiles_p99": 0.019163195347398868,
    "results_inter_token_latency_s_mean": 0.014781237263090321,
    "results_inter_token_latency_s_min": 0.010684546999982558,
    "results_inter_token_latency_s_max": 0.01943940135485415,
    "results_inter_token_latency_s_stddev": 0.002329035825581708,
    "results_ttft_s_quantiles_p25": 0.8025355315003253,
    "results_ttft_s_quantiles_p50": 0.9124046879951493,
    "results_ttft_s_quantiles_p75": 1.0669286045049375,
    "results_ttft_s_quantiles_p90": 1.1369755332983915,
    "results_ttft_s_quantiles_p95": 1.1846904705598718,
    "results_ttft_s_quantiles_p99": 1.2580496613139984,
    "results_ttft_s_mean": 0.9334850502003974,
    "results_ttft_s_min": 0.7468878749932628,
    "results_ttft_s_max": 1.2763894590025302,
    "results_ttft_s_stddev": 0.1557619105025724,
    "results_end_to_end_latency_s_quantiles_p25": 1.2812406980010564,
    "results_end_to_end_latency_s_quantiles_p50": 1.3849462084908737,
    "results_end_to_end_latency_s_quantiles_p75": 1.655175458501617,
    "results_end_to_end_latency_s_quantiles_p90": 1.7438422496910788,
    "results_end_to_end_latency_s_quantiles_p95": 1.7524910833461036,
    "results_end_to_end_latency_s_quantiles_p99": 1.7943436502713301,
    "results_end_to_end_latency_s_mean": 1.4428221043512166,
    "results_end_to_end_latency_s_min": 1.129820791000384,
    "results_end_to_end_latency_s_max": 1.804806792002637,
    "results_end_to_end_latency_s_stddev": 0.20633662912659648,
    "results_request_output_throughput_token_per_s_quantiles_p25": 68.91501612093366,
    "results_request_output_throughput_token_per_s_quantiles_p50": 81.16122956900675,
    "results_request_output_throughput_token_per_s_quantiles_p75": 89.7638463349694,
    "results_request_output_throughput_token_per_s_quantiles_p90": 101.75808774517701,
    "results_request_output_throughput_token_per_s_quantiles_p95": 103.06630856906115,
    "results_request_output_throughput_token_per_s_quantiles_p99": 113.84993430825224,
    "results_request_output_throughput_token_per_s_mean": 81.78820181686672,
    "results_request_output_throughput_token_per_s_min": 59.4374828056018,
    "results_request_output_throughput_token_per_s_max": 116.54584074305004,
    "results_request_output_throughput_token_per_s_stddev": 15.449898107534251,
    "results_number_input_tokens_quantiles_p25": 152.5,
    "results_number_input_tokens_quantiles_p50": 199.0,
    "results_number_input_tokens_quantiles_p75": 251.0,
    "results_number_input_tokens_quantiles_p90": 301.6000000000001,
    "results_number_input_tokens_quantiles_p95": 365.25000000000017,
    "results_number_input_tokens_quantiles_p99": 566.6499999999996,
    "results_number_input_tokens_mean": 218.55,
    "results_number_input_tokens_min": "30",
    "results_number_input_tokens_max": "617",
    "results_number_input_tokens_stddev": 119.10211231499943,
    "results_number_output_tokens_quantiles_p25": 105.0,
    "results_number_output_tokens_quantiles_p50": 113.0,
    "results_number_output_tokens_quantiles_p75": 126.25,
    "results_number_output_tokens_quantiles_p90": 136.1,
    "results_number_output_tokens_quantiles_p95": 137.5,
    "results_number_output_tokens_quantiles_p99": 145.1,
    "results_number_output_tokens_mean": 115.9,
    "results_number_output_tokens_min": "90",
    "results_number_output_tokens_max": "147",
    "results_number_output_tokens_stddev": 15.23120066456386,
    "results_num_requests_started": 20,
    "results_error_rate": 0.0,
    "results_number_errors": 0,
    "results_error_code_frequency": "{}",
    "results_mean_output_throughput_token_per_s": 448.34557966635424,
    "results_num_completed_requests": 20,
    "results_num_completed_requests_per_min": 232.1029748057054,
    "timestamp": 1749179521
}