{
    "version": "2023-08-31",
    "name": "together_Qwen-QwQ-32B-Preview_200_100_summary",
    "model": "Qwen/QwQ-32B-Preview",
    "mean_input_tokens": 200,
    "stddev_input_tokens": 150,
    "mean_output_tokens": 100,
    "stddev_output_tokens": 10,
    "num_concurrent_requests": 20,
    "results_inter_token_latency_s_quantiles_p25": 0.04127828696020955,
    "results_inter_token_latency_s_quantiles_p50": 0.07147296853409998,
    "results_inter_token_latency_s_quantiles_p75": 0.07810915171899727,
    "results_inter_token_latency_s_quantiles_p90": 0.08452982555039307,
    "results_inter_token_latency_s_quantiles_p95": 0.10761093197405751,
    "results_inter_token_latency_s_quantiles_p99": 0.17037129634220824,
    "results_inter_token_latency_s_mean": 0.06656185349696357,
    "results_inter_token_latency_s_min": 0.022636415858457593,
    "results_inter_token_latency_s_max": 0.18606138743424608,
    "results_inter_token_latency_s_stddev": 0.03585284186003485,
    "results_ttft_s_quantiles_p25": 2.712412510005379,
    "results_ttft_s_quantiles_p50": 6.371495541505283,
    "results_ttft_s_quantiles_p75": 7.004999364500691,
    "results_ttft_s_quantiles_p90": 7.603848666994602,
    "results_ttft_s_quantiles_p95": 9.639857389906688,
    "results_ttft_s_quantiles_p99": 15.150392777985099,
    "results_ttft_s_mean": 5.617374258350173,
    "results_ttft_s_min": 1.3626005000114674,
    "results_ttft_s_max": 16.528026625004713,
    "results_ttft_s_stddev": 3.487429808908105,
    "results_end_to_end_latency_s_quantiles_p25": 3.6792758647461596,
    "results_end_to_end_latency_s_quantiles_p50": 6.729293979005888,
    "results_end_to_end_latency_s_quantiles_p75": 7.325499666490941,
    "results_end_to_end_latency_s_quantiles_p90": 7.9487808172969405,
    "results_end_to_end_latency_s_quantiles_p95": 10.06557618575826,
    "results_end_to_end_latency_s_quantiles_p99": 15.574751870752216,
    "results_end_to_end_latency_s_mean": 6.2514873917498335,
    "results_end_to_end_latency_s_min": 2.419754833012121,
    "results_end_to_end_latency_s_max": 16.952045792000717,
    "results_end_to_end_latency_s_stddev": 3.226656705614377,
    "results_request_output_throughput_token_per_s_quantiles_p25": 14.187121498547226,
    "results_request_output_throughput_token_per_s_quantiles_p50": 15.719365779991538,
    "results_request_output_throughput_token_per_s_quantiles_p75": 27.77995491529152,
    "results_request_output_throughput_token_per_s_quantiles_p90": 37.30749683141568,
    "results_request_output_throughput_token_per_s_quantiles_p95": 41.62369071520471,
    "results_request_output_throughput_token_per_s_quantiles_p99": 48.3287909005275,
    "results_request_output_throughput_token_per_s_mean": 21.49817149599353,
    "results_request_output_throughput_token_per_s_min": 5.89899303169578,
    "results_request_output_throughput_token_per_s_max": 50.00506594685822,
    "results_request_output_throughput_token_per_s_stddev": 11.221203242542641,
    "results_number_input_tokens_quantiles_p25": 130.5,
    "results_number_input_tokens_quantiles_p50": 199.5,
    "results_number_input_tokens_quantiles_p75": 366.5,
    "results_number_input_tokens_quantiles_p90": 430.7000000000003,
    "results_number_input_tokens_quantiles_p95": 617.0,
    "results_number_input_tokens_quantiles_p99": 617.0,
    "results_number_input_tokens_mean": 258.9,
    "results_number_input_tokens_min": "30",
    "results_number_input_tokens_max": "617",
    "results_number_input_tokens_stddev": 164.51232556607388,
    "results_number_output_tokens_quantiles_p25": 101.75,
    "results_number_output_tokens_quantiles_p50": 104.0,
    "results_number_output_tokens_quantiles_p75": 108.75,
    "results_number_output_tokens_quantiles_p90": 119.2,
    "results_number_output_tokens_quantiles_p95": 121.45,
    "results_number_output_tokens_quantiles_p99": 128.29,
    "results_number_output_tokens_mean": 107.0,
    "results_number_output_tokens_min": "95",
    "results_number_output_tokens_max": "130",
    "results_number_output_tokens_stddev": 8.68149877916432,
    "results_num_requests_started": 20,
    "results_error_rate": 0.0,
    "results_number_errors": 0,
    "results_error_code_frequency": "{}",
    "results_mean_output_throughput_token_per_s": 86.4612516221023,
    "results_num_completed_requests": 20,
    "results_num_completed_requests_per_min": 48.48294483482371,
    "timestamp": 1749195218
}