{
    "version": "2023-08-31",
    "name": "together_deepseek-ai-DeepSeek-R1_200_100_summary",
    "model": "deepseek-ai/DeepSeek-R1",
    "mean_input_tokens": 200,
    "stddev_input_tokens": 150,
    "mean_output_tokens": 100,
    "stddev_output_tokens": 10,
    "num_concurrent_requests": 20,
    "results_inter_token_latency_s_quantiles_p25": 0.03419581582782753,
    "results_inter_token_latency_s_quantiles_p50": 0.0355268136289303,
    "results_inter_token_latency_s_quantiles_p75": 0.03717193313547565,
    "results_inter_token_latency_s_quantiles_p90": 0.038603958350473214,
    "results_inter_token_latency_s_quantiles_p95": 0.03924166259679104,
    "results_inter_token_latency_s_quantiles_p99": 0.0419399505524842,
    "results_inter_token_latency_s_mean": 0.03563969458418424,
    "results_inter_token_latency_s_min": 0.029155876705312708,
    "results_inter_token_latency_s_max": 0.0426145225414075,
    "results_inter_token_latency_s_stddev": 0.0028783758486038585,
    "results_ttft_s_quantiles_p25": 1.087967395749729,
    "results_ttft_s_quantiles_p50": 1.1797333544964204,
    "results_ttft_s_quantiles_p75": 1.3738382392475614,
    "results_ttft_s_quantiles_p90": 1.4650980630991401,
    "results_ttft_s_quantiles_p95": 1.5983325354012778,
    "results_ttft_s_quantiles_p99": 1.6709187734840087,
    "results_ttft_s_mean": 1.2296609103992524,
    "results_ttft_s_min": 0.9207681660045637,
    "results_ttft_s_max": 1.6890653330046916,
    "results_ttft_s_stddev": 0.20351882313911668,
    "results_end_to_end_latency_s_quantiles_p25": 3.147991416746663,
    "results_end_to_end_latency_s_quantiles_p50": 3.330097124999156,
    "results_end_to_end_latency_s_quantiles_p75": 3.587361760502972,
    "results_end_to_end_latency_s_quantiles_p90": 3.84463206279761,
    "results_end_to_end_latency_s_quantiles_p95": 4.392370950002805,
    "results_end_to_end_latency_s_quantiles_p99": 4.458322990006418,
    "results_end_to_end_latency_s_mean": 3.435316037449229,
    "results_end_to_end_latency_s_min": 2.7934060410043458,
    "results_end_to_end_latency_s_max": 4.474811000007321,
    "results_end_to_end_latency_s_stddev": 0.42523306490844504,
    "results_request_output_throughput_token_per_s_quantiles_p25": 31.07689553185449,
    "results_request_output_throughput_token_per_s_quantiles_p50": 32.31731163936935,
    "results_request_output_throughput_token_per_s_quantiles_p75": 34.400397147026574,
    "results_request_output_throughput_token_per_s_quantiles_p90": 35.6641363467559,
    "results_request_output_throughput_token_per_s_quantiles_p95": 36.08422820241689,
    "results_request_output_throughput_token_per_s_quantiles_p99": 38.43321688046536,
    "results_request_output_throughput_token_per_s_mean": 32.75810150398833,
    "results_request_output_throughput_token_per_s_min": 27.263721305726744,
    "results_request_output_throughput_token_per_s_max": 39.020464049977484,
    "results_request_output_throughput_token_per_s_stddev": 2.63843361399246,
    "results_number_input_tokens_quantiles_p25": 132.75,
    "results_number_input_tokens_quantiles_p50": 214.0,
    "results_number_input_tokens_quantiles_p75": 293.75,
    "results_number_input_tokens_quantiles_p90": 357.80000000000007,
    "results_number_input_tokens_quantiles_p95": 420.35000000000014,
    "results_number_input_tokens_quantiles_p99": 577.6699999999997,
    "results_number_input_tokens_mean": 232.6,
    "results_number_input_tokens_min": "30",
    "results_number_input_tokens_max": "617",
    "results_number_input_tokens_stddev": 130.195561408699,
    "results_number_output_tokens_quantiles_p25": 103.75,
    "results_number_output_tokens_quantiles_p50": 108.5,
    "results_number_output_tokens_quantiles_p75": 122.0,
    "results_number_output_tokens_quantiles_p90": 126.4,
    "results_number_output_tokens_quantiles_p95": 130.25,
    "results_number_output_tokens_quantiles_p99": 134.04999999999998,
    "results_number_output_tokens_mean": 112.0,
    "results_number_output_tokens_min": "91",
    "results_number_output_tokens_max": "135",
    "results_number_output_tokens_stddev": 11.68444760309505,
    "results_num_requests_started": 20,
    "results_error_rate": 0.0,
    "results_number_errors": 0,
    "results_error_code_frequency": "{}",
    "results_mean_output_throughput_token_per_s": 226.84717782543538,
    "results_num_completed_requests": 20,
    "results_num_completed_requests_per_min": 121.52527383505466,
    "timestamp": 1749179515
}