{
    "version": "2023-08-31",
    "name": "arn-aws-bedrock-us-east-1-274280642374-imported-model-nkoroisirgbv_550_150_summary",
    "model": "arn:aws:bedrock:us-east-1:274280642374:imported-model/nkoroisirgbv",
    "mean_input_tokens": 550,
    "stddev_input_tokens": 150,
    "mean_output_tokens": 150,
    "stddev_output_tokens": 10,
    "num_concurrent_requests": 1,
    "additional_sampling_params_temperature": 0,
    "results_inter_token_latency_s_quantiles_p25": 0.010684824499489168,
    "results_inter_token_latency_s_quantiles_p50": 0.010919570244460376,
    "results_inter_token_latency_s_quantiles_p75": 0.011227360342849404,
    "results_inter_token_latency_s_quantiles_p90": 0.012199902962285071,
    "results_inter_token_latency_s_quantiles_p95": 0.014581175887098065,
    "results_inter_token_latency_s_quantiles_p99": 0.0762233780191825,
    "results_inter_token_latency_s_mean": 0.013135618781402354,
    "results_inter_token_latency_s_min": 0.009356774406945644,
    "results_inter_token_latency_s_max": 0.19269567163659798,
    "results_inter_token_latency_s_stddev": 0.014742564250468625,
    "results_ttft_s_quantiles_p25": 0.31666892249995726,
    "results_ttft_s_quantiles_p50": 0.354476655000326,
    "results_ttft_s_quantiles_p75": 0.40307679475063196,
    "results_ttft_s_quantiles_p90": 0.4343308976001936,
    "results_ttft_s_quantiles_p95": 0.46794578080016436,
    "results_ttft_s_quantiles_p99": 1.9782783456195827,
    "results_ttft_s_mean": 0.40512306115669466,
    "results_ttft_s_min": 0.2087143560002005,
    "results_ttft_s_max": 4.27194707200033,
    "results_ttft_s_stddev": 0.3322570677499858,
    "results_end_to_end_latency_s_quantiles_p25": 5.5567393402498055,
    "results_end_to_end_latency_s_quantiles_p50": 5.618816490499739,
    "results_end_to_end_latency_s_quantiles_p75": 5.676753946999725,
    "results_end_to_end_latency_s_quantiles_p90": 5.729016897601105,
    "results_end_to_end_latency_s_quantiles_p95": 5.7898021369494925,
    "results_end_to_end_latency_s_quantiles_p99": 7.231454394341253,
    "results_end_to_end_latency_s_mean": 5.331264526800036,
    "results_end_to_end_latency_s_min": 0.37987916100064467,
    "results_end_to_end_latency_s_max": 9.543721398000343,
    "results_end_to_end_latency_s_stddev": 1.253225854614739,
    "results_request_output_throughput_token_per_s_quantiles_p25": 89.04124645173673,
    "results_request_output_throughput_token_per_s_quantiles_p50": 91.54825910995461,
    "results_request_output_throughput_token_per_s_quantiles_p75": 93.55845300852044,
    "results_request_output_throughput_token_per_s_quantiles_p90": 95.97115660304996,
    "results_request_output_throughput_token_per_s_quantiles_p95": 97.3484844740117,
    "results_request_output_throughput_token_per_s_quantiles_p99": 100.02559816159238,
    "results_request_output_throughput_token_per_s_mean": 88.20361177713109,
    "results_request_output_throughput_token_per_s_min": 5.189150706549457,
    "results_request_output_throughput_token_per_s_max": 106.83767883101534,
    "results_request_output_throughput_token_per_s_stddev": 13.853329105411255,
    "results_number_input_tokens_quantiles_p25": 454.5,
    "results_number_input_tokens_quantiles_p50": 556.5,
    "results_number_input_tokens_quantiles_p75": 650.0,
    "results_number_input_tokens_quantiles_p90": 733.2000000000003,
    "results_number_input_tokens_quantiles_p95": 795.6500000000001,
    "results_number_input_tokens_quantiles_p99": 886.2899999999997,
    "results_number_input_tokens_mean": 553.17,
    "results_number_input_tokens_min": "89",
    "results_number_input_tokens_max": "1030",
    "results_number_input_tokens_stddev": 151.47089668251792,
    "results_number_output_tokens_quantiles_p25": 510.0,
    "results_number_output_tokens_quantiles_p50": 514.0,
    "results_number_output_tokens_quantiles_p75": 525.25,
    "results_number_output_tokens_quantiles_p90": 535.0,
    "results_number_output_tokens_quantiles_p95": 547.05,
    "results_number_output_tokens_quantiles_p99": 560.1199999999999,
    "results_number_output_tokens_mean": 482.2633333333333,
    "results_number_output_tokens_min": "3",
    "results_number_output_tokens_max": "602",
    "results_number_output_tokens_stddev": 119.58272205298259,
    "results_overall_test_time": 1605.1126602269997,
    "results_num_requests_started": 300,
    "results_error_rate": 0.0,
    "results_number_errors": 0,
    "results_error_code_frequency": "{}",
    "results_mean_output_throughput_token_per_s": 90.13635216081286,
    "results_num_completed_requests": 300,
    "results_num_completed_requests_per_sec": 0.1869027685306358,
    "timestamp": 1734071208
}