{
    "version": "2023-08-31",
    "name": "dolphin-mixtral-8x7b_550_150_summary",
    "model": "dolphin-mixtral-8x7b",
    "mean_input_tokens": 550,
    "stddev_input_tokens": 150,
    "mean_output_tokens": 150,
    "stddev_output_tokens": 10,
    "num_concurrent_requests": 5,
    "additional_sampling_params_temperature": 0,
    "results_inter_token_latency_s_quantiles_p25": 0.029160812716597213,
    "results_inter_token_latency_s_quantiles_p50": 0.03153554434458657,
    "results_inter_token_latency_s_quantiles_p75": 0.03373950844847895,
    "results_inter_token_latency_s_quantiles_p90": 0.03730201988512432,
    "results_inter_token_latency_s_quantiles_p95": 0.040224196943172516,
    "results_inter_token_latency_s_quantiles_p99": 0.3137128453565886,
    "results_inter_token_latency_s_mean": 0.03963351841429926,
    "results_inter_token_latency_s_min": 0.02478290475000204,
    "results_inter_token_latency_s_max": 0.37103806799996164,
    "results_inter_token_latency_s_stddev": 0.04434495524709498,
    "results_ttft_s_quantiles_p25": 0.6327906280001798,
    "results_ttft_s_quantiles_p50": 0.7280377939998743,
    "results_ttft_s_quantiles_p75": 0.8805225687501661,
    "results_ttft_s_quantiles_p90": 1.0047290979998709,
    "results_ttft_s_quantiles_p95": 1.1163421952001955,
    "results_ttft_s_quantiles_p99": 1.614620551160069,
    "results_ttft_s_mean": 0.7733403148633291,
    "results_ttft_s_min": 0.23345725899980607,
    "results_ttft_s_max": 1.626658000000134,
    "results_ttft_s_stddev": 0.19498144943681492,
    "results_end_to_end_latency_s_quantiles_p25": 4.451834784749963,
    "results_end_to_end_latency_s_quantiles_p50": 4.777762756000129,
    "results_end_to_end_latency_s_quantiles_p75": 5.208331830750126,
    "results_end_to_end_latency_s_quantiles_p90": 5.597199599300074,
    "results_end_to_end_latency_s_quantiles_p95": 5.79006100240008,
    "results_end_to_end_latency_s_quantiles_p99": 6.296487998949956,
    "results_end_to_end_latency_s_mean": 4.715565064510006,
    "results_end_to_end_latency_s_min": 0.6537665700002435,
    "results_end_to_end_latency_s_max": 6.792320585999732,
    "results_end_to_end_latency_s_stddev": 0.9060577630922807,
    "results_request_output_throughput_token_per_s_quantiles_p25": 29.63579039186366,
    "results_request_output_throughput_token_per_s_quantiles_p50": 31.708937526249553,
    "results_request_output_throughput_token_per_s_quantiles_p75": 34.29115180486069,
    "results_request_output_throughput_token_per_s_quantiles_p90": 36.10274631053978,
    "results_request_output_throughput_token_per_s_quantiles_p95": 37.092047252878196,
    "results_request_output_throughput_token_per_s_quantiles_p99": 38.66506850136033,
    "results_request_output_throughput_token_per_s_mean": 31.005850033067993,
    "results_request_output_throughput_token_per_s_min": 2.6948858488310123,
    "results_request_output_throughput_token_per_s_max": 40.34824110653672,
    "results_request_output_throughput_token_per_s_stddev": 5.997185265191737,
    "results_number_input_tokens_quantiles_p25": 458.75,
    "results_number_input_tokens_quantiles_p50": 551.0,
    "results_number_input_tokens_quantiles_p75": 650.0,
    "results_number_input_tokens_quantiles_p90": 745.7000000000002,
    "results_number_input_tokens_quantiles_p95": 812.0,
    "results_number_input_tokens_quantiles_p99": 927.3999999999996,
    "results_number_input_tokens_mean": 553.52,
    "results_number_input_tokens_min": "89",
    "results_number_input_tokens_max": "1036",
    "results_number_input_tokens_stddev": 156.4813224667291,
    "results_number_output_tokens_quantiles_p25": 146.0,
    "results_number_output_tokens_quantiles_p50": 152.0,
    "results_number_output_tokens_quantiles_p75": 160.0,
    "results_number_output_tokens_quantiles_p90": 167.0,
    "results_number_output_tokens_quantiles_p95": 170.05,
    "results_number_output_tokens_quantiles_p99": 177.01,
    "results_number_output_tokens_mean": 148.44,
    "results_number_output_tokens_min": "3",
    "results_number_output_tokens_max": "183",
    "results_number_output_tokens_stddev": 28.975593466267572,
    "results_overall_test_time": 307.01593677799974,
    "results_num_requests_started": 300,
    "results_error_rate": 0.0,
    "results_number_errors": 0,
    "results_error_code_frequency": "{}",
    "results_mean_output_throughput_token_per_s": 145.0478449664346,
    "results_num_completed_requests": 300,
    "results_num_completed_requests_per_sec": 0.9771479720185572,
    "timestamp": 1734403762
}